restaurant_id,date,category,qty_received_kg,qty_used_kg,qty_wasted_baseline_kg,qty_wasted_ai_kg,baseline_waste_rate,ai_waste_rate,co2e_baseline_kg,co2e_ai_kg,co2e_reduced_kg,temp_max,temp_min,precipitation,events_count,expected_attendance_total
1,2025-06-10,Dairy,1.3650000000000002,0.8190000000000001,0.5460000000000002,0.20474999999999988,0.4,0.2,2.4570000000000007,0.9213749999999994,1.5356250000000014,19.4901424590337,11.4901424590337,0.0,0,0
1,2025-06-10,Fish,1.804,1.0824,0.7216,0.27059999999999995,0.4,0.2,3.2472000000000003,1.2176999999999998,2.0295000000000005,19.4901424590337,11.4901424590337,0.0,0,0
1,2025-06-10,Meat,3.7750000000000004,2.265,1.5100000000000002,0.5662499999999997,0.4,0.2,6.795000000000001,2.548124999999999,4.246875000000002,19.4901424590337,11.4901424590337,0.0,0,0
1,2025-06-10,Other,1.946666666666667,1.1680000000000001,0.7786666666666668,0.29200000000000004,0.4,0.2,3.504000000000001,1.314,2.190000000000001,19.4901424590337,11.4901424590337,0.0,0,0
1,2025-06-10,Vegetables,1.4525,0.8714999999999999,0.581,0.21787499999999982,0.4,0.2,2.6144999999999996,0.9804374999999992,1.6340625000000004,19.4901424590337,11.4901424590337,0.0,0,0
1,2025-06-11,Dairy,1.1983333333333335,0.7190000000000001,0.4793333333333334,0.17974999999999997,0.4,0.2,2.157,0.8088749999999998,1.3481250000000002,17.585207096486446,9.585207096486446,0.0,0,0
1,2025-06-11,Fish,0.924,0.5544,0.36960000000000004,0.13859999999999995,0.4,0.2,1.6632000000000002,0.6236999999999997,1.0395000000000005,17.585207096486446,9.585207096486446,0.0,0,0
1,2025-06-11,Meat,5.9375,3.5625,2.375,0.890625,0.4,0.2,10.6875,4.0078125,6.6796875,17.585207096486446,9.585207096486446,0.0,0,0
1,2025-06-11,Other,1.6400000000000001,0.984,0.6560000000000001,0.246,0.4,0.2,2.952000000000001,1.107,1.8450000000000009,17.585207096486446,9.585207096486446,0.0,0,0
1,2025-06-11,Vegetables,1.8099999999999998,1.0859999999999999,0.724,0.27149999999999985,0.4,0.2,3.258,1.2217499999999992,2.036250000000001,17.585207096486446,9.585207096486446,0.0,0,0
1,2025-06-12,Dairy,2.1233333333333335,1.274,0.8493333333333335,0.3185,0.4,0.2,3.822000000000001,1.4332500000000001,2.388750000000001,19.94306561430208,11.943065614302078,0.0,0,0
1,2025-06-12,Fish,1.0376666666666667,0.6226,0.4150666666666667,0.15564999999999996,0.4,0.2,1.8678000000000001,0.7004249999999999,1.1673750000000003,19.94306561430208,11.943065614302078,0.0,0,0
1,2025-06-12,Meat,5.041666666666667,3.025,2.016666666666667,0.7562499999999996,0.4,0.2,9.075000000000001,3.4031249999999984,5.671875000000003,19.94306561430208,11.943065614302078,0.0,0,0
1,2025-06-12,Other,2.013333333333333,1.208,0.8053333333333332,0.3019999999999998,0.4,0.2,3.6239999999999997,1.358999999999999,2.2650000000000006,19.94306561430208,11.943065614302078,0.0,0,0
1,2025-06-12,Vegetables,1.3275000000000001,0.7965,0.5310000000000001,0.199125,0.4,0.2,2.389500000000001,0.8960625,1.4934375000000009,19.94306561430208,11.943065614302078,0.0,0,0
1,2025-06-13,Dairy,0.8816666666666667,0.529,0.3526666666666667,0.13224999999999998,0.4,0.2,1.5870000000000002,0.5951249999999999,0.9918750000000003,22.56908956922408,14.569089569224076,0.0,0,0
1,2025-06-13,Fish,0.3373333333333333,0.2024,0.13493333333333332,0.050600000000000006,0.4,0.2,0.6072,0.2277,0.37949999999999995,22.56908956922408,14.569089569224076,0.0,0,0
1,2025-06-13,Meat,2.354166666666667,1.4125,0.9416666666666669,0.3531249999999999,0.4,0.2,4.237500000000001,1.5890624999999996,2.648437500000001,22.56908956922408,14.569089569224076,0.0,0,0
1,2025-06-13,Other,1.7633333333333334,1.058,0.7053333333333334,0.26449999999999996,0.4,0.2,3.1740000000000004,1.1902499999999998,1.9837500000000006,22.56908956922408,14.569089569224076,0.0,0,0
1,2025-06-13,Vegetables,0.6875,0.4125,0.275,0.10312499999999991,0.4,0.2,1.2375,0.4640624999999996,0.7734375000000004,22.56908956922408,14.569089569224076,0.0,0,0
1,2025-06-14,Dairy,1.55,0.93,0.62,0.23250000000000004,0.4,0.2,2.79,1.0462500000000001,1.74375,17.29753987582999,9.29753987582999,0.0,0,0
1,2025-06-14,Fish,0.209,0.12539999999999998,0.08360000000000001,0.03134999999999999,0.4,0.2,0.37620000000000003,0.14107499999999995,0.23512500000000008,17.29753987582999,9.29753987582999,0.0,0,0
1,2025-06-14,Meat,3.091666666666667,1.855,1.2366666666666668,0.46374999999999966,0.4,0.2,5.565,2.0868749999999983,3.478125000000002,17.29753987582999,9.29753987582999,0.0,0,0
1,2025-06-14,Other,1.8166666666666669,1.09,0.7266666666666668,0.27249999999999996,0.4,0.2,3.2700000000000005,1.2262499999999998,2.0437500000000006,17.29753987582999,9.29753987582999,0.0,0,0
1,2025-06-14,Vegetables,0.9025,0.5415,0.361,0.1353749999999999,0.4,0.2,1.6244999999999998,0.6091874999999995,1.0153125000000003,17.29753987582999,9.29753987582999,0.0,0,0
1,2025-06-15,Dairy,1.3983333333333334,0.8390000000000001,0.5593333333333333,0.20975,0.4,0.2,2.517,0.943875,1.5731249999999999,17.29758912915246,9.29758912915246,9.3339565189632,0,0
1,2025-06-15,Fish,1.21,0.726,0.484,0.1815,0.4,0.2,2.178,0.81675,1.36125,17.29758912915246,9.29758912915246,9.3339565189632,0,0
1,2025-06-15,Meat,5.333333333333334,3.2,2.1333333333333337,0.7999999999999998,0.4,0.2,9.600000000000001,3.599999999999999,6.000000000000002,17.29758912915246,9.29758912915246,9.3339565189632,0,0
1,2025-06-15,Other,2.1833333333333336,1.31,0.8733333333333335,0.3274999999999999,0.4,0.2,3.9300000000000006,1.4737499999999994,2.456250000000001,17.29758912915246,9.29758912915246,9.3339565189632,0,0
1,2025-06-15,Vegetables,1.1775,0.7064999999999999,0.4710000000000001,0.17662499999999992,0.4,0.2,2.1195000000000004,0.7948124999999997,1.3246875000000007,17.29758912915246,9.29758912915246,9.3339565189632,0,0
1,2025-06-16,Dairy,1.9100000000000004,1.1460000000000001,0.7640000000000002,0.2865,0.4,0.2,3.438000000000001,1.28925,2.148750000000001,22.737638446522176,14.737638446522176,0.0,0,0
1,2025-06-16,Fish,0.451,0.2706,0.1804,0.06764999999999999,0.4,0.2,0.8118000000000001,0.30442499999999995,0.5073750000000001,22.737638446522176,14.737638446522176,0.0,0,0
1,2025-06-16,Meat,2.8958333333333335,1.7375,1.1583333333333334,0.43437499999999996,0.4,0.2,5.2125,1.9546875,3.2578125000000004,22.737638446522176,14.737638446522176,0.0,0,0
1,2025-06-16,Other,1.6666666666666667,1.0,0.6666666666666667,0.25,0.4,0.2,3.0000000000000004,1.125,1.8750000000000004,22.737638446522176,14.737638446522176,0.0,0,0
1,2025-06-16,Vegetables,2.205,1.323,0.8820000000000001,0.3307499999999999,0.4,0.2,3.9690000000000003,1.4883749999999996,2.4806250000000007,22.737638446522176,14.737638446522176,0.0,0,0
1,2025-06-17,Dairy,0.5050000000000001,0.30300000000000005,0.20200000000000007,0.07574999999999998,0.4,0.2,0.9090000000000003,0.34087499999999993,0.5681250000000003,20.302304187458727,12.302304187458727,0.0,0,0
1,2025-06-17,Fish,1.7636666666666667,1.0582,0.7054666666666667,0.26454999999999984,0.4,0.2,3.1746,1.1904749999999993,1.9841250000000006,20.302304187458727,12.302304187458727,0.0,0,0
1,2025-06-17,Meat,3.0583333333333336,1.835,1.2233333333333336,0.45874999999999977,0.4,0.2,5.505000000000001,2.064374999999999,3.4406250000000016,20.302304187458727,12.302304187458727,0.0,0,0
1,2025-06-17,Other,2.8033333333333332,1.682,1.1213333333333333,0.42049999999999965,0.4,0.2,5.045999999999999,1.8922499999999984,3.153750000000001,20.302304187458727,12.302304187458727,0.0,0,0
1,2025-06-17,Vegetables,1.8025,1.0815,0.7210000000000001,0.2703749999999998,0.4,0.2,3.2445000000000004,1.216687499999999,2.0278125000000014,20.302304187458727,12.302304187458727,0.0,0,0
1,2025-06-18,Dairy,0.98,0.588,0.392,0.1469999999999999,0.4,0.2,1.764,0.6614999999999995,1.1025000000000005,16.591576842195146,8.591576842195146,0.0,0,0
1,2025-06-18,Fish,1.4116666666666666,0.847,0.5646666666666667,0.21174999999999988,0.4,0.2,2.541,0.9528749999999995,1.5881250000000005,16.591576842195146,8.591576842195146,0.0,0,0
1,2025-06-18,Meat,4.479166666666667,2.6875,1.791666666666667,0.671875,0.4,0.2,8.062500000000002,3.0234375,5.039062500000002,16.591576842195146,8.591576842195146,0.0,0,0
1,2025-06-18,Other,1.44,0.864,0.576,0.21599999999999986,0.4,0.2,2.5919999999999996,0.9719999999999993,1.6200000000000003,16.591576842195146,8.591576842195146,0.0,0,0
1,2025-06-18,Vegetables,1.8925,1.1355,0.7570000000000001,0.2838749999999999,0.4,0.2,3.4065000000000003,1.2774374999999996,2.1290625000000007,16.591576842195146,8.591576842195146,0.0,0,0
1,2025-06-19,Dairy,1.6300000000000001,0.978,0.6520000000000001,0.24449999999999994,0.4,0.2,2.9340000000000006,1.1002499999999997,1.8337500000000009,19.62768013075789,11.627680130757897,10.797145903242566,0,0
1,2025-06-19,Fish,0.8616666666666667,0.517,0.3446666666666667,0.12924999999999998,0.4,0.2,1.5510000000000002,0.5816249999999998,0.9693750000000003,19.62768013075789,11.627680130757897,10.797145903242566,0,0
1,2025-06-19,Meat,5.825,3.495,2.33,0.8737499999999994,0.4,0.2,10.485,3.931874999999997,6.553125000000002,19.62768013075789,11.627680130757897,10.797145903242566,0,0
1,2025-06-19,Other,2.0266666666666673,1.2160000000000002,0.8106666666666671,0.30400000000000005,0.4,0.2,3.648000000000002,1.3680000000000003,2.2800000000000016,19.62768013075789,11.627680130757897,10.797145903242566,0,0
1,2025-06-19,Vegetables,2.0875,1.2525,0.835,0.3131249999999999,0.4,0.2,3.7575,1.4090624999999994,2.3484375,19.62768013075789,11.627680130757897,10.797145903242566,0,0
1,2025-06-20,Dairy,2.075,1.245,0.8300000000000001,0.31125,0.4,0.2,3.7350000000000003,1.4006250000000002,2.334375,16.609746921562614,8.609746921562614,0.0,0,0
1,2025-06-20,Fish,1.0303333333333333,0.6182,0.41213333333333335,0.15454999999999997,0.4,0.2,1.8546,0.6954749999999998,1.1591250000000002,16.609746921562614,8.609746921562614,0.0,0,0
1,2025-06-20,Meat,4.387500000000001,2.6325000000000003,1.7550000000000008,0.6581250000000001,0.4,0.2,7.8975000000000035,2.9615625000000003,4.935937500000003,16.609746921562614,8.609746921562614,0.0,0,0
1,2025-06-20,Other,2.6100000000000003,1.566,1.0440000000000003,0.39149999999999996,0.4,0.2,4.698000000000001,1.7617499999999997,2.9362500000000016,16.609746921562614,8.609746921562614,0.0,0,0
1,2025-06-20,Vegetables,0.9349999999999999,0.5609999999999999,0.374,0.14024999999999999,0.4,0.2,1.683,0.6311249999999999,1.0518750000000001,16.609746921562614,8.609746921562614,0.0,0,0
1,2025-06-21,Dairy,0.8800000000000001,0.528,0.3520000000000001,0.132,0.4,0.2,1.5840000000000005,0.5940000000000001,0.9900000000000004,16.60281073928923,8.602810739289229,7.12100607961459,0,0
1,2025-06-21,Fish,1.4373333333333334,0.8623999999999999,0.5749333333333334,0.2155999999999999,0.4,0.2,2.5872,0.9701999999999995,1.6170000000000007,16.60281073928923,8.602810739289229,7.12100607961459,0,0
1,2025-06-21,Meat,5.695833333333334,3.4175,2.2783333333333338,0.8543749999999997,0.4,0.2,10.252500000000001,3.8446874999999983,6.407812500000003,16.60281073928923,8.602810739289229,7.12100607961459,0,0
1,2025-06-21,Other,1.8500000000000003,1.11,0.7400000000000002,0.27749999999999986,0.4,0.2,3.330000000000001,1.2487499999999994,2.0812500000000016,16.60281073928923,8.602810739289229,7.12100607961459,0,0
1,2025-06-21,Vegetables,0.8524999999999999,0.5115,0.34099999999999997,0.12787499999999996,0.4,0.2,1.5345,0.5754374999999998,0.9590625000000002,16.60281073928923,8.602810739289229,7.12100607961459,0,0
1,2025-06-22,Dairy,0.9866666666666668,0.5920000000000001,0.3946666666666667,0.14800000000000002,0.4,0.2,1.7760000000000002,0.6660000000000001,1.11,18.725886814698104,10.725886814698104,0.0,0,0
1,2025-06-22,Fish,1.6976666666666667,1.0186,0.6790666666666667,0.2546499999999998,0.4,0.2,3.0558,1.1459249999999992,1.9098750000000009,18.725886814698104,10.725886814698104,0.0,0,0
1,2025-06-22,Meat,6.745833333333333,4.047499999999999,2.6983333333333333,1.0118749999999999,0.4,0.2,12.1425,4.553437499999999,7.589062500000001,18.725886814698104,10.725886814698104,0.0,0,0
1,2025-06-22,Other,1.6733333333333333,1.004,0.6693333333333333,0.2509999999999999,0.4,0.2,3.012,1.1294999999999995,1.8825000000000005,18.725886814698104,10.725886814698104,0.0,0,0
1,2025-06-22,Vegetables,1.3125,0.7875,0.525,0.1968749999999999,0.4,0.2,2.3625000000000003,0.8859374999999996,1.4765625000000007,18.725886814698104,10.725886814698104,0.0,0,0
1,2025-06-23,Dairy,0.9016666666666667,0.541,0.3606666666666667,0.13524999999999998,0.4,0.2,1.6230000000000002,0.608625,1.0143750000000002,12.260159266026609,4.260159266026607,0.0,0,0
1,2025-06-23,Fish,1.0450000000000002,0.627,0.41800000000000015,0.15674999999999994,0.4,0.2,1.8810000000000007,0.7053749999999998,1.175625000000001,12.260159266026609,4.260159266026607,0.0,0,0
1,2025-06-23,Meat,5.283333333333333,3.17,2.1133333333333333,0.7925,0.4,0.2,9.51,3.56625,5.94375,12.260159266026609,4.260159266026607,0.0,0,0
1,2025-06-23,Other,2.1366666666666667,1.282,0.8546666666666667,0.3205,0.4,0.2,3.846,1.44225,2.40375,12.260159266026609,4.260159266026607,0.0,0,0
1,2025-06-23,Vegetables,1.7600000000000002,1.056,0.7040000000000002,0.264,0.4,0.2,3.168000000000001,1.1880000000000002,1.9800000000000009,12.260159266026609,4.260159266026607,0.0,0,0
1,2025-06-24,Dairy,0.9983333333333335,0.5990000000000001,0.39933333333333343,0.14974999999999994,0.4,0.2,1.7970000000000004,0.6738749999999998,1.1231250000000006,12.8252465024609,4.825246502460901,3.6595336055246,0,0
1,2025-06-24,Fish,0.8433333333333334,0.506,0.3373333333333334,0.12649999999999995,0.4,0.2,1.5180000000000002,0.5692499999999998,0.9487500000000004,12.8252465024609,4.825246502460901,3.6595336055246,0,0
1,2025-06-24,Meat,3.0208333333333335,1.8125,1.2083333333333335,0.453125,0.4,0.2,5.437500000000001,2.0390625,3.398437500000001,12.8252465024609,4.825246502460901,3.6595336055246,0,0
1,2025-06-24,Other,2.62,1.572,1.048,0.393,0.4,0.2,4.716,1.7685,2.9475000000000002,12.8252465024609,4.825246502460901,3.6595336055246,0,0
1,2025-06-24,Vegetables,1.315,0.7889999999999999,0.526,0.19724999999999993,0.4,0.2,2.367,0.8876249999999997,1.4793750000000003,12.8252465024609,4.825246502460901,3.6595336055246,0,0
1,2025-06-25,Dairy,0.4983333333333334,0.29900000000000004,0.19933333333333336,0.07474999999999998,0.4,0.2,0.8970000000000001,0.3363749999999999,0.5606250000000002,16.313137412277083,8.313137412277083,0.0,0,0
1,2025-06-25,Fish,1.2796666666666667,0.7678,0.5118666666666667,0.19194999999999995,0.4,0.2,2.3034,0.8637749999999997,1.4396250000000002,16.313137412277083,8.313137412277083,0.0,0,0
1,2025-06-25,Meat,4.233333333333333,2.54,1.6933333333333334,0.6349999999999998,0.4,0.2,7.62,2.857499999999999,4.762500000000001,16.313137412277083,8.313137412277083,0.0,0,0
1,2025-06-25,Other,2.38,1.428,0.952,0.357,0.4,0.2,4.284,1.6065,2.6774999999999998,16.313137412277083,8.313137412277083,0.0,0,0
1,2025-06-25,Vegetables,1.6,0.96,0.6400000000000001,0.24,0.4,0.2,2.880000000000001,1.08,1.8000000000000007,16.313137412277083,8.313137412277083,0.0,0,0
1,2025-06-26,Dairy,1.4733333333333334,0.884,0.5893333333333334,0.22099999999999997,0.4,0.2,2.652,0.9944999999999999,1.6575000000000002,14.961506638996728,6.961506638996728,0.0,0,0
1,2025-06-26,Fish,0.6673333333333334,0.40040000000000003,0.2669333333333334,0.10010000000000002,0.4,0.2,1.2012000000000003,0.45045000000000013,0.7507500000000001,14.961506638996728,6.961506638996728,0.0,0,0
1,2025-06-26,Meat,3.129166666666667,1.8775,1.251666666666667,0.4693749999999999,0.4,0.2,5.632500000000001,2.112187499999999,3.520312500000002,14.961506638996728,6.961506638996728,0.0,0,0
1,2025-06-26,Other,1.45,0.8699999999999999,0.5800000000000001,0.2174999999999998,0.4,0.2,2.6100000000000003,0.9787499999999991,1.6312500000000012,14.961506638996728,6.961506638996728,0.0,0,0
1,2025-06-26,Vegetables,0.5625,0.33749999999999997,0.22500000000000003,0.08437499999999998,0.4,0.2,1.0125000000000002,0.3796874999999999,0.6328125000000002,14.961506638996728,6.961506638996728,0.0,0,0
1,2025-06-27,Dairy,1.0683333333333334,0.641,0.42733333333333334,0.16025,0.4,0.2,1.923,0.721125,1.201875,18.94274199778582,10.94274199778582,0.0,0,0
1,2025-06-27,Fish,0.9973333333333334,0.5984,0.39893333333333336,0.14959999999999996,0.4,0.2,1.7952000000000001,0.6731999999999998,1.1220000000000003,18.94274199778582,10.94274199778582,0.0,0,0
1,2025-06-27,Meat,1.6333333333333333,0.98,0.6533333333333333,0.24499999999999988,0.4,0.2,2.94,1.1024999999999996,1.8375000000000004,18.94274199778582,10.94274199778582,0.0,0,0
1,2025-06-27,Other,1.2866666666666668,0.772,0.5146666666666668,0.19299999999999995,0.4,0.2,2.3160000000000007,0.8684999999999998,1.447500000000001,18.94274199778582,10.94274199778582,0.0,0,0
1,2025-06-27,Vegetables,0.8025000000000001,0.48150000000000004,0.32100000000000006,0.12037500000000001,0.4,0.2,1.4445000000000003,0.5416875000000001,0.9028125000000002,18.94274199778582,10.94274199778582,0.0,0,0
1,2025-06-28,Dairy,1.865,1.119,0.746,0.27974999999999994,0.4,0.2,3.357,1.2588749999999997,2.0981250000000005,15.275927773436369,7.275927773436367,0.0,0,0
1,2025-06-28,Fish,1.235666666666667,0.7414000000000001,0.49426666666666685,0.18535000000000001,0.4,0.2,2.2242000000000006,0.8340750000000001,1.3901250000000005,15.275927773436369,7.275927773436367,0.0,0,0
1,2025-06-28,Meat,5.862500000000001,3.5175,2.3450000000000006,0.8793749999999996,0.4,0.2,10.552500000000002,3.957187499999998,6.595312500000004,15.275927773436369,7.275927773436367,0.0,0,0
1,2025-06-28,Other,2.496666666666667,1.4980000000000002,0.9986666666666668,0.37450000000000006,0.4,0.2,4.494000000000001,1.6852500000000004,2.8087500000000003,15.275927773436369,7.275927773436367,0.0,0,0
1,2025-06-28,Vegetables,1.6149999999999998,0.9689999999999999,0.6459999999999999,0.24224999999999985,0.4,0.2,2.9069999999999996,1.0901249999999993,1.8168750000000002,15.275927773436369,7.275927773436367,0.0,0,0
1,2025-06-29,Dairy,0.7466666666666667,0.448,0.2986666666666667,0.11199999999999993,0.4,0.2,1.344,0.5039999999999997,0.8400000000000004,13.763088895994128,5.763088895994127,3.600459775893824,0,0
1,2025-06-29,Fish,0.8800000000000001,0.528,0.3520000000000001,0.132,0.4,0.2,1.5840000000000005,0.5940000000000001,0.9900000000000004,13.763088895994128,5.763088895994127,3.600459775893824,0,0
1,2025-06-29,Meat,3.6458333333333335,2.1875,1.4583333333333335,0.546875,0.4,0.2,6.562500000000001,2.4609375,4.101562500000001,13.763088895994128,5.763088895994127,3.600459775893824,0,0
1,2025-06-29,Other,1.58,0.9480000000000001,0.632,0.237,0.4,0.2,2.844,1.0665,1.7774999999999999,13.763088895994128,5.763088895994127,3.600459775893824,0,0
1,2025-06-29,Vegetables,1.1275,0.6765,0.45099999999999996,0.16912499999999997,0.4,0.2,2.0294999999999996,0.7610624999999999,1.2684374999999997,13.763088895994128,5.763088895994127,3.600459775893824,0,0
1,2025-06-30,Dairy,0.7566666666666668,0.45400000000000007,0.30266666666666675,0.11349999999999993,0.4,0.2,1.3620000000000003,0.5107499999999997,0.8512500000000006,22.39694630676466,14.39694630676466,9.734064200199168,0,0
1,2025-06-30,Fish,0.396,0.2376,0.1584,0.05939999999999998,0.4,0.2,0.7128000000000001,0.2672999999999999,0.4455000000000002,22.39694630676466,14.39694630676466,9.734064200199168,0,0
1,2025-06-30,Meat,5.5375,3.3225,2.215,0.8306249999999995,0.4,0.2,9.9675,3.7378124999999978,6.229687500000002,22.39694630676466,14.39694630676466,9.734064200199168,0,0
1,2025-06-30,Other,1.49,0.894,0.596,0.22349999999999992,0.4,0.2,2.682,1.0057499999999997,1.6762500000000002,22.39694630676466,14.39694630676466,9.734064200199168,0,0
1,2025-06-30,Vegetables,1.0425,0.6255,0.41700000000000004,0.15637499999999993,0.4,0.2,1.8765,0.7036874999999997,1.1728125000000005,22.39694630676466,14.39694630676466,9.734064200199168,0,0
1,2025-07-01,Dairy,0.8083333333333335,0.48500000000000004,0.3233333333333334,0.12125000000000002,0.4,0.2,1.4550000000000003,0.5456250000000001,0.9093750000000002,17.322671098540393,9.322671098540392,2.517620653781101,0,0
1,2025-07-01,Fish,0.6123333333333334,0.3674,0.2449333333333334,0.09184999999999999,0.4,0.2,1.1022000000000003,0.41332499999999994,0.6888750000000003,17.322671098540393,9.322671098540392,2.517620653781101,0,0
1,2025-07-01,Meat,4.445833333333334,2.6675,1.7783333333333338,0.6668749999999997,0.4,0.2,8.002500000000001,3.0009374999999983,5.001562500000003,17.322671098540393,9.322671098540392,2.517620653781101,0,0
1,2025-07-01,Other,2.526666666666667,1.516,1.0106666666666668,0.379,0.4,0.2,4.548000000000001,1.7055,2.842500000000001,17.322671098540393,9.322671098540392,2.517620653781101,0,0
1,2025-07-01,Vegetables,2.185,1.311,0.8740000000000001,0.32775,0.4,0.2,3.9330000000000007,1.474875,2.458125000000001,17.322671098540393,9.322671098540392,2.517620653781101,0,0
1,2025-07-02,Dairy,1.0283333333333333,0.617,0.41133333333333333,0.15425,0.4,0.2,1.851,0.694125,1.1568749999999999,18.20258461406377,10.20258461406377,0.0,0,0
1,2025-07-02,Fish,0.6343333333333333,0.3806,0.2537333333333333,0.09514999999999996,0.4,0.2,1.1418,0.4281749999999998,0.7136250000000002,18.20258461406377,10.20258461406377,0.0,0,0
1,2025-07-02,Meat,1.8791666666666667,1.1275,0.7516666666666667,0.2818749999999999,0.4,0.2,3.3825000000000003,1.2684374999999994,2.114062500000001,18.20258461406377,10.20258461406377,0.0,0,0
1,2025-07-02,Other,2.4133333333333336,1.448,0.9653333333333336,0.3619999999999999,0.4,0.2,4.344000000000001,1.6289999999999996,2.7150000000000016,18.20258461406377,10.20258461406377,0.0,0,0
1,2025-07-02,Vegetables,1.2325000000000002,0.7395,0.4930000000000001,0.184875,0.4,0.2,2.2185000000000006,0.8319375,1.3865625000000006,18.20258461406377,10.20258461406377,0.0,0,0
1,2025-07-03,Dairy,0.9316666666666666,0.5589999999999999,0.3726666666666667,0.13974999999999993,0.4,0.2,1.677,0.6288749999999996,1.0481250000000004,13.72575544135963,5.725755441359629,13.171016184766614,0,0
1,2025-07-03,Fish,0.7553333333333333,0.4532,0.3021333333333333,0.11330000000000001,0.4,0.2,1.3596,0.50985,0.8497499999999999,13.72575544135963,5.725755441359629,13.171016184766614,0,0
1,2025-07-03,Meat,2.7083333333333335,1.625,1.0833333333333335,0.40625,0.4,0.2,4.875000000000001,1.828125,3.046875000000001,13.72575544135963,5.725755441359629,13.171016184766614,0,0
1,2025-07-03,Other,1.5533333333333337,0.9320000000000002,0.6213333333333335,0.23299999999999987,0.4,0.2,2.7960000000000007,1.0484999999999993,1.7475000000000014,13.72575544135963,5.725755441359629,13.171016184766614,0,0
1,2025-07-03,Vegetables,0.7,0.42,0.27999999999999997,0.10499999999999993,0.4,0.2,1.2599999999999998,0.4724999999999997,0.7875000000000001,13.72575544135963,5.725755441359629,13.171016184766614,0,0
1,2025-07-04,Dairy,1.1950000000000003,0.7170000000000001,0.4780000000000002,0.17925000000000002,0.4,0.2,2.1510000000000007,0.8066250000000001,1.3443750000000005,16.36685182642445,8.366851826424451,0.0,0,0
1,2025-07-04,Fish,0.847,0.5082,0.3388,0.12705,0.4,0.2,1.5246,0.571725,0.9528749999999999,16.36685182642445,8.366851826424451,0.0,0,0
1,2025-07-04,Meat,5.245833333333334,3.1475,2.0983333333333336,0.7868749999999998,0.4,0.2,9.4425,3.540937499999999,5.901562500000002,16.36685182642445,8.366851826424451,0.0,0,0
1,2025-07-04,Other,2.5700000000000003,1.542,1.0280000000000002,0.38549999999999995,0.4,0.2,4.626000000000001,1.7347499999999998,2.891250000000001,16.36685182642445,8.366851826424451,0.0,0,0
1,2025-07-04,Vegetables,1.0675000000000001,0.6405000000000001,0.42700000000000005,0.16012499999999996,0.4,0.2,1.9215000000000002,0.7205624999999998,1.2009375000000004,16.36685182642445,8.366851826424451,0.0,0,0
1,2025-07-05,Dairy,1.0433333333333334,0.626,0.41733333333333344,0.15649999999999997,0.4,0.2,1.8780000000000006,0.7042499999999998,1.1737500000000007,18.3327677691296,10.3327677691296,0.0,0,0
1,2025-07-05,Fish,0.30433333333333334,0.18259999999999998,0.12173333333333336,0.045649999999999996,0.4,0.2,0.5478000000000001,0.20542499999999997,0.3423750000000001,18.3327677691296,10.3327677691296,0.0,0,0
1,2025-07-05,Meat,3.9125000000000005,2.3475,1.5650000000000004,0.586875,0.4,0.2,7.042500000000002,2.6409375,4.4015625000000025,18.3327677691296,10.3327677691296,0.0,0,0
1,2025-07-05,Other,2.1133333333333333,1.268,0.8453333333333333,0.31699999999999995,0.4,0.2,3.804,1.4264999999999999,2.3775,18.3327677691296,10.3327677691296,0.0,0,0
1,2025-07-05,Vegetables,0.6275,0.37649999999999995,0.251,0.09412499999999996,0.4,0.2,1.1295,0.42356249999999984,0.7059375000000001,18.3327677691296,10.3327677691296,0.0,0,0
1,2025-07-06,Dairy,1.9216666666666669,1.153,0.7686666666666668,0.2882499999999999,0.4,0.2,3.4590000000000005,1.2971249999999994,2.161875000000001,14.547019267733091,6.547019267733091,0.0,0,0
1,2025-07-06,Fish,0.605,0.363,0.242,0.09075,0.4,0.2,1.089,0.408375,0.680625,14.547019267733091,6.547019267733091,0.0,0,0
1,2025-07-06,Meat,2.8875,1.7325000000000002,1.155,0.43312499999999976,0.4,0.2,5.1975,1.9490624999999988,3.248437500000001,14.547019267733091,6.547019267733091,0.0,0,0
1,2025-07-06,Other,2.233333333333334,1.3400000000000003,0.8933333333333335,0.33499999999999996,0.4,0.2,4.020000000000001,1.5074999999999998,2.5125000000000015,14.547019267733091,6.547019267733091,0.0,0,0
1,2025-07-06,Vegetables,1.6749999999999998,1.005,0.6699999999999999,0.25125,0.4,0.2,3.0149999999999997,1.1306249999999998,1.884375,14.547019267733091,6.547019267733091,0.0,0,0
1,2025-07-07,Dairy,1.5750000000000002,0.9450000000000001,0.6300000000000001,0.23624999999999985,0.4,0.2,2.8350000000000004,1.0631249999999994,1.771875000000001,19.127094055037016,11.127094055037016,2.6582969141411747,0,0
1,2025-07-07,Fish,1.7526666666666668,1.0516,0.7010666666666667,0.2628999999999999,0.4,0.2,3.1548000000000003,1.1830499999999997,1.9717500000000006,19.127094055037016,11.127094055037016,2.6582969141411747,0,0
1,2025-07-07,Meat,3.4125000000000005,2.0475000000000003,1.3650000000000002,0.5118749999999999,0.4,0.2,6.142500000000001,2.3034374999999994,3.8390625000000016,19.127094055037016,11.127094055037016,2.6582969141411747,0,0
1,2025-07-07,Other,2.9000000000000004,1.7400000000000002,1.1600000000000001,0.43500000000000005,0.4,0.2,5.220000000000001,1.9575000000000002,3.2625,19.127094055037016,11.127094055037016,2.6582969141411747,0,0
1,2025-07-07,Vegetables,1.245,0.747,0.4980000000000001,0.18674999999999997,0.4,0.2,2.2410000000000005,0.8403749999999999,1.4006250000000007,19.127094055037016,11.127094055037016,2.6582969141411747,0,0
1,2025-07-08,Dairy,0.4633333333333334,0.278,0.18533333333333335,0.0695,0.4,0.2,0.8340000000000001,0.31275000000000003,0.52125,16.198083930243584,8.198083930243584,0.0,0,0
1,2025-07-08,Fish,1.1623333333333334,0.6974,0.4649333333333334,0.17435,0.4,0.2,2.0922000000000005,0.784575,1.3076250000000005,16.198083930243584,8.198083930243584,0.0,0,0
1,2025-07-08,Meat,4.179166666666667,2.5075000000000003,1.6716666666666669,0.6268750000000001,0.4,0.2,7.522500000000001,2.8209375000000003,4.7015625000000005,16.198083930243584,8.198083930243584,0.0,0,0
1,2025-07-08,Other,2.2033333333333336,1.322,0.8813333333333335,0.3305,0.4,0.2,3.966000000000001,1.48725,2.478750000000001,16.198083930243584,8.198083930243584,0.0,0,0
1,2025-07-08,Vegetables,1.825,1.095,0.73,0.27374999999999994,0.4,0.2,3.285,1.2318749999999996,2.0531250000000005,16.198083930243584,8.198083930243584,0.0,0,0
1,2025-07-09,Dairy,0.42333333333333334,0.254,0.16933333333333334,0.0635,0.4,0.2,0.762,0.28575,0.47625,17.124918750620168,9.124918750620168,0.0,0,0
1,2025-07-09,Fish,0.29700000000000004,0.17820000000000003,0.11880000000000002,0.044550000000000006,0.4,0.2,0.5346000000000001,0.20047500000000001,0.33412500000000006,17.124918750620168,9.124918750620168,0.0,0,0
1,2025-07-09,Meat,3.541666666666667,2.125,1.416666666666667,0.53125,0.4,0.2,6.375000000000002,2.390625,3.9843750000000018,17.124918750620168,9.124918750620168,0.0,0,0
1,2025-07-09,Other,2.3833333333333337,1.4300000000000002,0.9533333333333336,0.35749999999999993,0.4,0.2,4.290000000000001,1.6087499999999997,2.6812500000000012,17.124918750620168,9.124918750620168,0.0,0,0
1,2025-07-09,Vegetables,2.0375,1.2225,0.8150000000000002,0.3056249999999998,0.4,0.2,3.667500000000001,1.3753124999999993,2.2921875000000016,17.124918750620168,9.124918750620168,0.0,0,0
1,2025-07-10,Dairy,1.3833333333333335,0.8300000000000001,0.5533333333333335,0.20750000000000002,0.4,0.2,2.4900000000000007,0.9337500000000001,1.5562500000000006,16.194880163311808,8.194880163311808,0.0,0,0
1,2025-07-10,Fish,1.133,0.6798,0.45320000000000005,0.16994999999999993,0.4,0.2,2.0394,0.7647749999999998,1.2746250000000003,16.194880163311808,8.194880163311808,0.0,0,0
1,2025-07-10,Meat,2.6375,1.5825,1.0550000000000002,0.3956249999999999,0.4,0.2,4.7475000000000005,1.7803124999999995,2.967187500000001,16.194880163311808,8.194880163311808,0.0,0,0
1,2025-07-10,Other,1.8566666666666665,1.1139999999999999,0.7426666666666666,0.27849999999999997,0.4,0.2,3.3419999999999996,1.25325,2.0887499999999997,16.194880163311808,8.194880163311808,0.0,0,0
1,2025-07-10,Vegetables,1.935,1.161,0.774,0.2902499999999999,0.4,0.2,3.483,1.3061249999999995,2.176875000000001,16.194880163311808,8.194880163311808,0.0,0,0
1,2025-07-11,Dairy,1.2150000000000003,0.7290000000000001,0.4860000000000002,0.18225000000000002,0.4,0.2,2.187000000000001,0.8201250000000001,1.3668750000000012,23.55683455352681,15.556834553526812,0.0,0,0
1,2025-07-11,Fish,0.6746666666666666,0.4048,0.26986666666666664,0.10120000000000001,0.4,0.2,1.2144,0.4554,0.7589999999999999,23.55683455352681,15.556834553526812,0.0,0,0
1,2025-07-11,Meat,3.129166666666667,1.8775,1.251666666666667,0.4693749999999999,0.4,0.2,5.632500000000001,2.112187499999999,3.520312500000002,23.55683455352681,15.556834553526812,0.0,0,0
1,2025-07-11,Other,2.64,1.584,1.056,0.3959999999999999,0.4,0.2,4.752000000000001,1.7819999999999996,2.970000000000001,23.55683455352681,15.556834553526812,0.0,0,0
1,2025-07-11,Vegetables,1.275,0.7649999999999999,0.51,0.19124999999999992,0.4,0.2,2.295,0.8606249999999996,1.4343750000000002,23.55683455352681,15.556834553526812,0.0,0,0
1,2025-07-12,Dairy,1.5166666666666668,0.91,0.6066666666666668,0.22749999999999992,0.4,0.2,2.7300000000000004,1.0237499999999997,1.7062500000000007,17.9595083257862,9.9595083257862,0.0,0,0
1,2025-07-12,Fish,1.6536666666666666,0.9922,0.6614666666666666,0.24804999999999988,0.4,0.2,2.9766,1.1162249999999996,1.8603750000000003,17.9595083257862,9.9595083257862,0.0,0,0
1,2025-07-12,Meat,3.6375,2.1825,1.455,0.5456249999999998,0.4,0.2,6.5475,2.455312499999999,4.092187500000001,17.9595083257862,9.9595083257862,0.0,0,0
1,2025-07-12,Other,1.8533333333333335,1.112,0.7413333333333334,0.278,0.4,0.2,3.3360000000000003,1.2510000000000001,2.085,17.9595083257862,9.9595083257862,0.0,0,0
1,2025-07-12,Vegetables,0.9249999999999999,0.5549999999999999,0.37,0.13874999999999993,0.4,0.2,1.665,0.6243749999999997,1.0406250000000004,17.9595083257862,9.9595083257862,0.0,0,0
1,2025-07-13,Dairy,1.2766666666666668,0.766,0.5106666666666668,0.1915,0.4,0.2,2.298000000000001,0.86175,1.436250000000001,14.8268672131323,6.826867213132299,0.0,0,0
1,2025-07-13,Fish,1.7820000000000003,1.0692000000000002,0.7128000000000001,0.26729999999999987,0.4,0.2,3.2076000000000002,1.2028499999999993,2.004750000000001,14.8268672131323,6.826867213132299,0.0,0,0
1,2025-07-13,Meat,2.2833333333333337,1.37,0.9133333333333336,0.3425,0.4,0.2,4.110000000000001,1.5412500000000002,2.568750000000001,14.8268672131323,6.826867213132299,0.0,0,0
1,2025-07-13,Other,1.08,0.648,0.43200000000000005,0.16199999999999992,0.4,0.2,1.9440000000000002,0.7289999999999996,1.2150000000000005,14.8268672131323,6.826867213132299,0.0,0,0
1,2025-07-13,Vegetables,2.0575000000000006,1.2345000000000002,0.8230000000000004,0.3086249999999999,0.4,0.2,3.703500000000002,1.3888124999999998,2.314687500000002,14.8268672131323,6.826867213132299,0.0,0,0
1,2025-07-14,Dairy,0.7616666666666667,0.457,0.3046666666666667,0.11425000000000002,0.4,0.2,1.3710000000000002,0.514125,0.8568750000000002,20.467634736309567,12.467634736309568,12.021336285309149,0,0
1,2025-07-14,Fish,0.4473333333333333,0.26839999999999997,0.17893333333333333,0.06709999999999999,0.4,0.2,0.8052,0.30194999999999994,0.5032500000000001,20.467634736309567,12.467634736309568,12.021336285309149,0,0
1,2025-07-14,Meat,5.45,3.27,2.18,0.8174999999999994,0.4,0.2,9.81,3.6787499999999973,6.131250000000003,20.467634736309567,12.467634736309568,12.021336285309149,0,0
1,2025-07-14,Other,2.2199999999999998,1.3319999999999999,0.8879999999999999,0.33299999999999996,0.4,0.2,3.9959999999999996,1.4985,2.4974999999999996,20.467634736309567,12.467634736309568,12.021336285309149,0,0
1,2025-07-14,Vegetables,0.7575000000000001,0.4545,0.30300000000000005,0.11362499999999998,0.4,0.2,1.3635000000000002,0.5113124999999998,0.8521875000000003,20.467634736309567,12.467634736309568,12.021336285309149,0,0
1,2025-07-15,Dairy,1.7400000000000002,1.044,0.6960000000000002,0.2609999999999999,0.4,0.2,3.1320000000000006,1.1744999999999997,1.957500000000001,14.337469050086934,6.337469050086934,14.866928874221331,0,0
1,2025-07-15,Fish,1.232,0.7392,0.4928,0.18479999999999996,0.4,0.2,2.2176,0.8315999999999999,1.3860000000000001,14.337469050086934,6.337469050086934,14.866928874221331,0,0
1,2025-07-15,Meat,4.175,2.505,1.67,0.6262499999999998,0.4,0.2,7.515,2.818124999999999,4.696875,14.337469050086934,6.337469050086934,14.866928874221331,0,0
1,2025-07-15,Other,2.0866666666666673,1.2520000000000002,0.8346666666666671,0.31299999999999994,0.4,0.2,3.756000000000002,1.4084999999999996,2.3475000000000024,14.337469050086934,6.337469050086934,14.866928874221331,0,0
1,2025-07-15,Vegetables,1.1925000000000001,0.7155,0.4770000000000001,0.178875,0.4,0.2,2.1465000000000005,0.8049375000000001,1.3415625000000004,14.337469050086934,6.337469050086934,14.866928874221331,0,0
1,2025-07-16,Dairy,1.3883333333333334,0.8330000000000001,0.5553333333333333,0.20824999999999994,0.4,0.2,2.499,0.9371249999999998,1.5618750000000003,18.626590785014265,10.626590785014264,12.172749408416555,0,0
1,2025-07-16,Fish,0.8396666666666668,0.5038,0.33586666666666676,0.12595,0.4,0.2,1.5114000000000005,0.566775,0.9446250000000005,18.626590785014265,10.626590785014264,12.172749408416555,0,0
1,2025-07-16,Meat,5.495833333333334,3.2975,2.1983333333333337,0.8243749999999994,0.4,0.2,9.892500000000002,3.7096874999999976,6.182812500000004,18.626590785014265,10.626590785014264,12.172749408416555,0,0
1,2025-07-16,Other,0.9400000000000002,0.5640000000000001,0.3760000000000001,0.14100000000000001,0.4,0.2,1.6920000000000006,0.6345000000000001,1.0575000000000006,18.626590785014265,10.626590785014264,12.172749408416555,0,0
1,2025-07-16,Vegetables,1.3924999999999998,0.8354999999999999,0.5569999999999999,0.20887499999999992,0.4,0.2,2.5065,0.9399374999999996,1.5665625000000003,18.626590785014265,10.626590785014264,12.172749408416555,0,0
1,2025-07-17,Dairy,1.1700000000000002,0.7020000000000001,0.4680000000000001,0.1755,0.4,0.2,2.1060000000000003,0.78975,1.3162500000000004,12.120989628360674,4.1209896283606735,0.0,0,0
1,2025-07-17,Fish,1.1953333333333334,0.7172,0.4781333333333334,0.1792999999999999,0.4,0.2,2.1516,0.8068499999999996,1.3447500000000006,12.120989628360674,4.1209896283606735,0.0,0,0
1,2025-07-17,Meat,5.733333333333333,3.44,2.2933333333333334,0.8599999999999999,0.4,0.2,10.32,3.869999999999999,6.450000000000001,12.120989628360674,4.1209896283606735,0.0,0,0
1,2025-07-17,Other,1.9500000000000004,1.1700000000000002,0.7800000000000002,0.2925,0.4,0.2,3.510000000000001,1.31625,2.1937500000000014,12.120989628360674,4.1209896283606735,0.0,0,0
1,2025-07-17,Vegetables,1.3299999999999998,0.7979999999999999,0.5319999999999999,0.1994999999999999,0.4,0.2,2.3939999999999997,0.8977499999999996,1.49625,12.120989628360674,4.1209896283606735,0.0,0,0
1,2025-07-18,Dairy,1.1083333333333334,0.665,0.44333333333333336,0.16625,0.4,0.2,1.995,0.748125,1.2468750000000002,14.015441853304708,6.015441853304708,0.0,0,0
1,2025-07-18,Fish,1.331,0.7986,0.5324,0.19965,0.4,0.2,2.3958,0.898425,1.497375,14.015441853304708,6.015441853304708,0.0,0,0
1,2025-07-18,Meat,4.720833333333333,2.8325,1.8883333333333332,0.7081249999999999,0.4,0.2,8.497499999999999,3.1865624999999995,5.3109375,14.015441853304708,6.015441853304708,0.0,0,0
1,2025-07-18,Other,1.4900000000000002,0.8940000000000001,0.5960000000000001,0.22350000000000003,0.4,0.2,2.6820000000000004,1.0057500000000001,1.6762500000000002,14.015441853304708,6.015441853304708,0.0,0,0
1,2025-07-18,Vegetables,0.74,0.44399999999999995,0.29600000000000004,0.11099999999999999,0.4,0.2,1.3320000000000003,0.49949999999999994,0.8325000000000004,14.015441853304708,6.015441853304708,0.0,0,0
1,2025-07-19,Dairy,1.7050000000000003,1.0230000000000001,0.6820000000000002,0.2557499999999999,0.4,0.2,3.069000000000001,1.1508749999999996,1.9181250000000012,18.59058370760737,10.590583707607372,0.0,0,0
1,2025-07-19,Fish,1.4043333333333334,0.8426,0.5617333333333334,0.21065,0.4,0.2,2.5278000000000005,0.947925,1.5798750000000004,18.59058370760737,10.590583707607372,0.0,0,0
1,2025-07-19,Meat,4.420833333333333,2.6525,1.7683333333333335,0.663125,0.4,0.2,7.957500000000001,2.9840625,4.973437500000001,18.59058370760737,10.590583707607372,0.0,0,0
1,2025-07-19,Other,2.3300000000000005,1.3980000000000001,0.9320000000000004,0.3494999999999999,0.4,0.2,4.194000000000002,1.5727499999999996,2.621250000000002,18.59058370760737,10.590583707607372,0.0,0,0
1,2025-07-19,Vegetables,1.0925,0.6555,0.43700000000000006,0.163875,0.4,0.2,1.9665000000000004,0.7374375,1.2290625000000004,18.59058370760737,10.590583707607372,0.0,0,0
1,2025-07-20,Dairy,0.9066666666666667,0.544,0.3626666666666667,0.136,0.4,0.2,1.6320000000000001,0.6120000000000001,1.02,20.215399739986232,12.215399739986232,10.810887449943916,0,0
1,2025-07-20,Fish,1.5693333333333335,0.9416000000000001,0.6277333333333334,0.23539999999999994,0.4,0.2,2.8248,1.0592999999999997,1.7655000000000005,20.215399739986232,12.215399739986232,10.810887449943916,0,0
1,2025-07-20,Meat,3.6958333333333337,2.2175000000000002,1.4783333333333335,0.5543749999999998,0.4,0.2,6.652500000000001,2.4946874999999995,4.157812500000001,20.215399739986232,12.215399739986232,10.810887449943916,0,0
1,2025-07-20,Other,1.1733333333333336,0.7040000000000001,0.4693333333333335,0.17599999999999993,0.4,0.2,2.1120000000000005,0.7919999999999997,1.3200000000000007,20.215399739986232,12.215399739986232,10.810887449943916,0,0
1,2025-07-20,Vegetables,1.7625,1.0574999999999999,0.7050000000000001,0.2643749999999998,0.4,0.2,3.1725000000000003,1.1896874999999991,1.9828125000000012,20.215399739986232,12.215399739986232,10.810887449943916,0,0
1,2025-07-21,Dairy,0.9816666666666668,0.5890000000000001,0.3926666666666667,0.14725,0.4,0.2,1.7670000000000003,0.662625,1.1043750000000003,18.51410484356991,10.51410484356991,0.0,0,0
1,2025-07-21,Fish,1.1586666666666667,0.6952,0.4634666666666667,0.17379999999999995,0.4,0.2,2.0856000000000003,0.7820999999999998,1.3035000000000005,18.51410484356991,10.51410484356991,0.0,0,0
1,2025-07-21,Meat,2.995833333333333,1.7974999999999999,1.1983333333333333,0.44937499999999986,0.4,0.2,5.3925,2.0221874999999994,3.3703125000000007,18.51410484356991,10.51410484356991,0.0,0,0
1,2025-07-21,Other,0.8066666666666666,0.484,0.32266666666666666,0.121,0.4,0.2,1.452,0.5445,0.9075,18.51410484356991,10.51410484356991,0.0,0,0
1,2025-07-21,Vegetables,2.0425,1.2254999999999998,0.8170000000000002,0.30637499999999984,0.4,0.2,3.6765000000000008,1.3786874999999994,2.2978125000000014,18.51410484356991,10.51410484356991,0.0,0,0
1,2025-07-22,Dairy,0.9866666666666668,0.5920000000000001,0.3946666666666667,0.14800000000000002,0.4,0.2,1.7760000000000002,0.6660000000000001,1.11,17.65305515283528,9.65305515283528,13.297867937983256,0,0
1,2025-07-22,Fish,1.3603333333333334,0.8162,0.5441333333333334,0.20404999999999984,0.4,0.2,2.4486,0.9182249999999993,1.5303750000000007,17.65305515283528,9.65305515283528,13.297867937983256,0,0
1,2025-07-22,Meat,5.191666666666666,3.1149999999999998,2.0766666666666667,0.7787499999999996,0.4,0.2,9.345,3.5043749999999982,5.840625000000003,17.65305515283528,9.65305515283528,13.297867937983256,0,0
1,2025-07-22,Other,0.9466666666666668,0.5680000000000001,0.3786666666666667,0.14200000000000002,0.4,0.2,1.7040000000000002,0.639,1.0650000000000002,17.65305515283528,9.65305515283528,13.297867937983256,0,0
1,2025-07-22,Vegetables,0.9425,0.5655,0.377,0.14137499999999992,0.4,0.2,1.6965,0.6361874999999997,1.0603125000000002,17.65305515283528,9.65305515283528,13.297867937983256,0,0
1,2025-07-23,Dairy,1.25,0.75,0.5,0.1875,0.4,0.2,2.25,0.84375,1.40625,17.096688913232132,9.096688913232132,0.0,0,0
1,2025-07-23,Fish,0.638,0.3828,0.25520000000000004,0.09569999999999995,0.4,0.2,1.1484,0.43064999999999976,0.7177500000000003,17.096688913232132,9.096688913232132,0.0,0,0
1,2025-07-23,Meat,4.283333333333333,2.57,1.7133333333333334,0.6424999999999996,0.4,0.2,7.71,2.8912499999999985,4.818750000000001,17.096688913232132,9.096688913232132,0.0,0,0
1,2025-07-23,Other,0.6033333333333334,0.362,0.2413333333333334,0.09049999999999997,0.4,0.2,1.0860000000000003,0.4072499999999999,0.6787500000000004,17.096688913232132,9.096688913232132,0.0,0,0
1,2025-07-23,Vegetables,2.3475,1.4085,0.9390000000000001,0.352125,0.4,0.2,4.2255,1.5845625,2.6409375,17.096688913232132,9.096688913232132,0.0,0,0
1,2025-07-24,Dairy,1.8433333333333335,1.106,0.7373333333333334,0.27649999999999997,0.4,0.2,3.3180000000000005,1.2442499999999999,2.0737500000000004,13.564434028897718,5.564434028897718,0.0,0,0
1,2025-07-24,Fish,1.6500000000000001,0.99,0.6600000000000001,0.24749999999999983,0.4,0.2,2.9700000000000006,1.1137499999999991,1.8562500000000015,13.564434028897718,5.564434028897718,0.0,0,0
1,2025-07-24,Meat,3.0583333333333336,1.835,1.2233333333333336,0.45874999999999977,0.4,0.2,5.505000000000001,2.064374999999999,3.4406250000000016,13.564434028897718,5.564434028897718,0.0,0,0
1,2025-07-24,Other,2.4033333333333338,1.4420000000000002,0.9613333333333336,0.36050000000000004,0.4,0.2,4.326000000000001,1.6222500000000002,2.703750000000001,13.564434028897718,5.564434028897718,0.0,0,0
1,2025-07-24,Vegetables,0.7525000000000001,0.4515,0.30100000000000005,0.11287499999999995,0.4,0.2,1.3545000000000003,0.5079374999999997,0.8465625000000006,13.564434028897718,5.564434028897718,0.0,0,0
1,2025-07-25,Dairy,1.22,0.732,0.488,0.18299999999999994,0.4,0.2,2.1959999999999997,0.8234999999999997,1.3725,15.840467374815876,7.840467374815875,0.0,0,0
1,2025-07-25,Fish,1.0303333333333333,0.6182,0.41213333333333335,0.15454999999999997,0.4,0.2,1.8546,0.6954749999999998,1.1591250000000002,15.840467374815876,7.840467374815875,0.0,0,0
1,2025-07-25,Meat,5.066666666666667,3.04,2.0266666666666673,0.7599999999999998,0.4,0.2,9.120000000000003,3.419999999999999,5.700000000000004,15.840467374815876,7.840467374815875,0.0,0,0
1,2025-07-25,Other,1.9766666666666666,1.186,0.7906666666666666,0.2965,0.4,0.2,3.558,1.33425,2.22375,15.840467374815876,7.840467374815875,0.0,0,0
1,2025-07-25,Vegetables,1.1525,0.6915,0.4610000000000001,0.172875,0.4,0.2,2.0745000000000005,0.7779375,1.2965625000000005,15.840467374815876,7.840467374815875,0.0,0,0
1,2025-07-26,Dairy,1.7466666666666668,1.048,0.6986666666666668,0.262,0.4,0.2,3.1440000000000006,1.179,1.9650000000000005,16.618083687120638,8.618083687120638,10.61273381396078,0,0
1,2025-07-26,Fish,1.7306666666666668,1.0384,0.6922666666666668,0.25959999999999983,0.4,0.2,3.1152000000000006,1.1681999999999992,1.9470000000000014,16.618083687120638,8.618083687120638,10.61273381396078,0,0
1,2025-07-26,Meat,5.2625,3.1575,2.105,0.7893749999999997,0.4,0.2,9.4725,3.5521874999999987,5.920312500000001,16.618083687120638,8.618083687120638,10.61273381396078,0,0
1,2025-07-26,Other,0.44333333333333336,0.266,0.17733333333333334,0.0665,0.4,0.2,0.798,0.29925,0.49875,16.618083687120638,8.618083687120638,10.61273381396078,0,0
1,2025-07-26,Vegetables,1.445,0.867,0.5780000000000001,0.21675,0.4,0.2,2.6010000000000004,0.975375,1.6256250000000003,16.618083687120638,8.618083687120638,10.61273381396078,0,0
1,2025-07-27,Dairy,2.231666666666667,1.339,0.8926666666666669,0.3347499999999999,0.4,0.2,4.017000000000001,1.5063749999999994,2.510625000000002,21.171366678656742,13.171366678656746,0.0,0,0
1,2025-07-27,Fish,0.418,0.25079999999999997,0.16720000000000002,0.06269999999999998,0.4,0.2,0.7524000000000001,0.2821499999999999,0.47025000000000017,21.171366678656742,13.171366678656746,0.0,0,0
1,2025-07-27,Meat,5.458333333333333,3.275,2.183333333333333,0.8187500000000001,0.4,0.2,9.825,3.684375,6.140624999999999,21.171366678656742,13.171366678656746,0.0,0,0
1,2025-07-27,Other,1.876666666666667,1.1260000000000001,0.7506666666666668,0.28149999999999986,0.4,0.2,3.3780000000000006,1.2667499999999994,2.111250000000001,21.171366678656742,13.171366678656746,0.0,0,0
1,2025-07-27,Vegetables,0.8550000000000001,0.513,0.3420000000000001,0.12824999999999998,0.4,0.2,1.5390000000000004,0.5771249999999999,0.9618750000000005,21.171366678656742,13.171366678656746,0.0,0,0
1,2025-07-28,Dairy,1.7633333333333334,1.058,0.7053333333333334,0.26449999999999996,0.4,0.2,3.1740000000000004,1.1902499999999998,1.9837500000000006,19.030854868705383,11.030854868705385,0.0,0,0
1,2025-07-28,Fish,0.8983333333333334,0.539,0.3593333333333334,0.13474999999999993,0.4,0.2,1.6170000000000002,0.6063749999999997,1.0106250000000006,19.030854868705383,11.030854868705385,0.0,0,0
1,2025-07-28,Meat,5.945833333333334,3.5675,2.378333333333334,0.8918749999999998,0.4,0.2,10.702500000000002,4.013437499999998,6.689062500000004,19.030854868705383,11.030854868705385,0.0,0,0
1,2025-07-28,Other,1.8000000000000003,1.08,0.7200000000000002,0.27,0.4,0.2,3.240000000000001,1.215,2.0250000000000012,19.030854868705383,11.030854868705385,0.0,0,0
1,2025-07-28,Vegetables,1.11,0.666,0.44400000000000006,0.16649999999999998,0.4,0.2,1.9980000000000002,0.74925,1.2487500000000002,19.030854868705383,11.030854868705385,0.0,0,0
1,2025-07-29,Dairy,1.1466666666666667,0.6880000000000001,0.45866666666666667,0.17199999999999993,0.4,0.2,2.064,0.7739999999999997,1.2900000000000005,12.7108795339118,4.710879533911799,1.877093757798642,0,0
1,2025-07-29,Fish,0.3886666666666667,0.23320000000000002,0.1554666666666667,0.05829999999999996,0.4,0.2,0.6996000000000001,0.26234999999999986,0.43725000000000025,12.7108795339118,4.710879533911799,1.877093757798642,0,0
1,2025-07-29,Meat,5.879166666666666,3.5275,2.3516666666666666,0.881875,0.4,0.2,10.5825,3.9684375,6.614062499999999,12.7108795339118,4.710879533911799,1.877093757798642,0,0
1,2025-07-29,Other,2.566666666666667,1.54,1.0266666666666668,0.385,0.4,0.2,4.620000000000001,1.7325,2.887500000000001,12.7108795339118,4.710879533911799,1.877093757798642,0,0
1,2025-07-29,Vegetables,1.3475000000000001,0.8085,0.5390000000000001,0.2021249999999999,0.4,0.2,2.4255000000000004,0.9095624999999995,1.515937500000001,12.7108795339118,4.710879533911799,1.877093757798642,0,0
1,2025-07-30,Dairy,1.7800000000000002,1.068,0.7120000000000002,0.2669999999999999,0.4,0.2,3.2040000000000006,1.2014999999999996,2.0025000000000013,18.972251908184383,10.972251908184386,7.119198049942336,0,0
1,2025-07-30,Fish,1.0706666666666667,0.6424,0.4282666666666667,0.16059999999999997,0.4,0.2,1.9272,0.7226999999999999,1.2045000000000001,18.972251908184383,10.972251908184386,7.119198049942336,0,0
1,2025-07-30,Meat,3.9375,2.3625,1.5750000000000002,0.5906249999999997,0.4,0.2,7.0875,2.6578124999999986,4.429687500000002,18.972251908184383,10.972251908184386,7.119198049942336,0,0
1,2025-07-30,Other,1.836666666666667,1.102,0.7346666666666668,0.27549999999999986,0.4,0.2,3.3060000000000005,1.2397499999999995,2.066250000000001,18.972251908184383,10.972251908184386,7.119198049942336,0,0
1,2025-07-30,Vegetables,0.9324999999999999,0.5594999999999999,0.373,0.13987499999999997,0.4,0.2,1.6785,0.6294374999999999,1.0490625000000002,18.972251908184383,10.972251908184386,7.119198049942336,0,0
1,2025-07-31,Dairy,1.9783333333333335,1.187,0.7913333333333334,0.29674999999999985,0.4,0.2,3.5610000000000004,1.3353749999999993,2.225625000000001,16.84475315875105,8.84475315875105,0.0,0,0
1,2025-07-31,Fish,1.2393333333333332,0.7435999999999999,0.49573333333333325,0.18589999999999995,0.4,0.2,2.2307999999999995,0.8365499999999998,1.3942499999999995,16.84475315875105,8.84475315875105,0.0,0,0
1,2025-07-31,Meat,7.466666666666668,4.48,2.9866666666666672,1.12,0.4,0.2,13.440000000000003,5.040000000000001,8.400000000000002,16.84475315875105,8.84475315875105,0.0,0,0
1,2025-07-31,Other,1.6633333333333333,0.998,0.6653333333333333,0.24949999999999983,0.4,0.2,2.9939999999999998,1.1227499999999992,1.8712500000000005,16.84475315875105,8.84475315875105,0.0,0,0
1,2025-07-31,Vegetables,2.4050000000000002,1.443,0.9620000000000002,0.3607499999999999,0.4,0.2,4.329000000000001,1.6233749999999996,2.7056250000000013,16.84475315875105,8.84475315875105,0.0,0,0
1,2025-08-01,Dairy,1.1533333333333335,0.6920000000000001,0.4613333333333335,0.17299999999999993,0.4,0.2,2.0760000000000005,0.7784999999999997,1.2975000000000008,15.969233999082125,7.969233999082125,0.0,0,0
1,2025-08-01,Fish,0.8873333333333333,0.5324,0.3549333333333333,0.1331,0.4,0.2,1.5972,0.59895,0.99825,15.969233999082125,7.969233999082125,0.0,0,0
1,2025-08-01,Meat,5.008333333333334,3.005,2.003333333333334,0.7512499999999998,0.4,0.2,9.015000000000002,3.380624999999999,5.634375000000004,15.969233999082125,7.969233999082125,0.0,0,0
1,2025-08-01,Other,1.1300000000000001,0.678,0.45200000000000007,0.16949999999999998,0.4,0.2,2.0340000000000003,0.7627499999999999,1.2712500000000002,15.969233999082125,7.969233999082125,0.0,0,0
1,2025-08-01,Vegetables,1.1525,0.6915,0.4610000000000001,0.172875,0.4,0.2,2.0745000000000005,0.7779375,1.2965625000000005,15.969233999082125,7.969233999082125,0.0,0,0
1,2025-08-02,Dairy,1.3283333333333334,0.797,0.5313333333333333,0.19924999999999993,0.4,0.2,2.391,0.8966249999999997,1.4943750000000002,19.8350288665226,11.835028866522602,0.0,0,0
1,2025-08-02,Fish,1.661,0.9966,0.6644,0.24914999999999987,0.4,0.2,2.9898,1.1211749999999994,1.8686250000000004,19.8350288665226,11.835028866522602,0.0,0,0
1,2025-08-02,Meat,3.358333333333334,2.015,1.3433333333333337,0.5037499999999997,0.4,0.2,6.045000000000002,2.266874999999999,3.778125000000003,19.8350288665226,11.835028866522602,0.0,0,0
1,2025-08-02,Other,2.1000000000000005,1.2600000000000002,0.8400000000000003,0.31499999999999995,0.4,0.2,3.780000000000001,1.4174999999999998,2.3625000000000016,19.8350288665226,11.835028866522602,0.0,0,0
1,2025-08-02,Vegetables,1.0450000000000002,0.627,0.41800000000000015,0.15674999999999994,0.4,0.2,1.8810000000000007,0.7053749999999998,1.175625000000001,19.8350288665226,11.835028866522602,0.0,0,0
1,2025-08-03,Dairy,1.1316666666666668,0.679,0.4526666666666668,0.16974999999999996,0.4,0.2,2.0370000000000004,0.7638749999999999,1.2731250000000005,21.092998567487854,13.092998567487854,14.772118482944414,0,0
1,2025-08-03,Fish,0.209,0.12539999999999998,0.08360000000000001,0.03134999999999999,0.4,0.2,0.37620000000000003,0.14107499999999995,0.23512500000000008,21.092998567487854,13.092998567487854,14.772118482944414,0,0
1,2025-08-03,Meat,4.558333333333334,2.735,1.8233333333333337,0.6837499999999999,0.4,0.2,8.205000000000002,3.0768749999999994,5.1281250000000025,21.092998567487854,13.092998567487854,14.772118482944414,0,0
1,2025-08-03,Other,2.3433333333333337,1.4060000000000001,0.9373333333333336,0.3514999999999999,0.4,0.2,4.218000000000001,1.5817499999999995,2.6362500000000013,21.092998567487854,13.092998567487854,14.772118482944414,0,0
1,2025-08-03,Vegetables,0.6675,0.40049999999999997,0.267,0.10012499999999991,0.4,0.2,1.2015,0.4505624999999996,0.7509375000000005,21.092998567487854,13.092998567487854,14.772118482944414,0,0
1,2025-08-04,Dairy,1.7716666666666667,1.063,0.7086666666666668,0.26574999999999993,0.4,0.2,3.1890000000000005,1.1958749999999996,1.993125000000001,20.7938403573486,12.793840357348596,0.0,0,0
1,2025-08-04,Fish,0.37400000000000005,0.22440000000000002,0.14960000000000004,0.05610000000000001,0.4,0.2,0.6732000000000001,0.25245000000000006,0.42075000000000007,20.7938403573486,12.793840357348596,0.0,0,0
1,2025-08-04,Meat,1.8166666666666669,1.09,0.7266666666666668,0.27249999999999996,0.4,0.2,3.2700000000000005,1.2262499999999998,2.0437500000000006,20.7938403573486,12.793840357348596,0.0,0,0
1,2025-08-04,Other,1.476666666666667,0.8860000000000001,0.5906666666666669,0.22150000000000003,0.4,0.2,2.6580000000000013,0.9967500000000001,1.6612500000000012,20.7938403573486,12.793840357348596,0.0,0,0
1,2025-08-04,Vegetables,0.9249999999999999,0.5549999999999999,0.37,0.13874999999999993,0.4,0.2,1.665,0.6243749999999997,1.0406250000000004,20.7938403573486,12.793840357348596,0.0,0,0
1,2025-08-05,Dairy,2.0366666666666666,1.222,0.8146666666666667,0.3054999999999999,0.4,0.2,3.666,1.3747499999999995,2.2912500000000007,15.482347430332084,7.482347430332084,0.0,0,0
1,2025-08-05,Fish,1.213666666666667,0.7282000000000001,0.4854666666666668,0.18204999999999993,0.4,0.2,2.1846000000000005,0.8192249999999996,1.365375000000001,15.482347430332084,7.482347430332084,0.0,0,0
1,2025-08-05,Meat,2.1125000000000003,1.2675,0.8450000000000002,0.316875,0.4,0.2,3.802500000000001,1.4259375,2.3765625000000012,15.482347430332084,7.482347430332084,0.0,0,0
1,2025-08-05,Other,1.1066666666666667,0.664,0.44266666666666665,0.16599999999999993,0.4,0.2,1.992,0.7469999999999997,1.2450000000000003,15.482347430332084,7.482347430332084,0.0,0,0
1,2025-08-05,Vegetables,2.1175,1.2705,0.8470000000000002,0.3176249999999998,0.4,0.2,3.811500000000001,1.429312499999999,2.382187500000002,15.482347430332084,7.482347430332084,0.0,0,0
1,2025-08-06,Dairy,1.7650000000000003,1.0590000000000002,0.7060000000000002,0.26475000000000004,0.4,0.2,3.177000000000001,1.1913750000000003,1.9856250000000006,17.072362872446355,9.072362872446355,2.8814023600992287,0,0
1,2025-08-06,Fish,0.6636666666666667,0.3982,0.26546666666666674,0.09954999999999997,0.4,0.2,1.1946000000000003,0.4479749999999999,0.7466250000000004,17.072362872446355,9.072362872446355,2.8814023600992287,0,0
1,2025-08-06,Meat,2.5500000000000003,1.53,1.0200000000000002,0.38249999999999984,0.4,0.2,4.590000000000001,1.7212499999999993,2.8687500000000012,17.072362872446355,9.072362872446355,2.8814023600992287,0,0
1,2025-08-06,Other,1.8166666666666669,1.09,0.7266666666666668,0.27249999999999996,0.4,0.2,3.2700000000000005,1.2262499999999998,2.0437500000000006,17.072362872446355,9.072362872446355,2.8814023600992287,0,0
1,2025-08-06,Vegetables,1.345,0.8069999999999999,0.538,0.20174999999999987,0.4,0.2,2.4210000000000003,0.9078749999999994,1.513125000000001,17.072362872446355,9.072362872446355,2.8814023600992287,0,0
1,2025-08-07,Dairy,1.945,1.167,0.778,0.29174999999999995,0.4,0.2,3.5010000000000003,1.3128749999999998,2.1881250000000003,18.99379029421069,10.99379029421069,0.0,0,0
1,2025-08-07,Fish,1.2246666666666668,0.7348,0.4898666666666668,0.18369999999999997,0.4,0.2,2.2044000000000006,0.8266499999999999,1.3777500000000007,18.99379029421069,10.99379029421069,0.0,0,0
1,2025-08-07,Meat,7.4541666666666675,4.4725,2.9816666666666674,1.118125,0.4,0.2,13.417500000000004,5.0315625,8.385937500000004,18.99379029421069,10.99379029421069,0.0,0,0
1,2025-08-07,Other,1.7933333333333334,1.076,0.7173333333333334,0.2689999999999999,0.4,0.2,3.228,1.2104999999999997,2.0175000000000005,18.99379029421069,10.99379029421069,0.0,0,0
1,2025-08-07,Vegetables,2.2825,1.3695,0.9130000000000003,0.3423749999999999,0.4,0.2,4.108500000000001,1.5406874999999993,2.567812500000002,18.99379029421069,10.99379029421069,0.0,0,0
1,2025-08-08,Dairy,1.97,1.182,0.788,0.2954999999999999,0.4,0.2,3.5460000000000003,1.3297499999999993,2.216250000000001,20.92663538136708,12.926635381367078,0.0,0,0
1,2025-08-08,Fish,1.0853333333333335,0.6512,0.4341333333333335,0.16279999999999994,0.4,0.2,1.9536000000000007,0.7325999999999997,1.221000000000001,20.92663538136708,12.926635381367078,0.0,0,0
1,2025-08-08,Meat,5.750000000000001,3.45,2.3000000000000007,0.8624999999999998,0.4,0.2,10.350000000000003,3.881249999999999,6.4687500000000036,20.92663538136708,12.926635381367078,0.0,0,0
1,2025-08-08,Other,1.456666666666667,0.8740000000000001,0.5826666666666669,0.21849999999999992,0.4,0.2,2.6220000000000008,0.9832499999999996,1.6387500000000013,20.92663538136708,12.926635381367078,0.0,0,0
1,2025-08-08,Vegetables,1.925,1.155,0.77,0.28874999999999984,0.4,0.2,3.465,1.2993749999999993,2.1656250000000004,20.92663538136708,12.926635381367078,0.0,0,0
1,2025-08-09,Dairy,1.8816666666666668,1.129,0.7526666666666668,0.2822499999999999,0.4,0.2,3.3870000000000005,1.2701249999999995,2.116875000000001,16.56247728646413,8.56247728646413,0.0,0,0
1,2025-08-09,Fish,0.9203333333333332,0.5521999999999999,0.3681333333333333,0.1380499999999999,0.4,0.2,1.6565999999999999,0.6212249999999995,1.0353750000000004,16.56247728646413,8.56247728646413,0.0,0,0
1,2025-08-09,Meat,3.129166666666667,1.8775,1.251666666666667,0.4693749999999999,0.4,0.2,5.632500000000001,2.112187499999999,3.520312500000002,16.56247728646413,8.56247728646413,0.0,0,0
1,2025-08-09,Other,1.4000000000000001,0.8400000000000001,0.56,0.20999999999999996,0.4,0.2,2.5200000000000005,0.9449999999999998,1.5750000000000006,16.56247728646413,8.56247728646413,0.0,0,0
1,2025-08-09,Vegetables,2.0775000000000006,1.2465000000000002,0.8310000000000004,0.31162500000000004,0.4,0.2,3.739500000000002,1.4023125000000003,2.3371875000000015,16.56247728646413,8.56247728646413,0.0,0,0
1,2025-08-10,Dairy,0.8066666666666666,0.484,0.32266666666666666,0.121,0.4,0.2,1.452,0.5445,0.9075,17.44302307000855,9.44302307000855,0.0,0,0
1,2025-08-10,Fish,0.9276666666666666,0.5566,0.37106666666666666,0.13915,0.4,0.2,1.6698,0.6261749999999999,1.043625,17.44302307000855,9.44302307000855,0.0,0,0
1,2025-08-10,Meat,4.970833333333333,2.9825,1.9883333333333333,0.745625,0.4,0.2,8.9475,3.3553125,5.5921875,17.44302307000855,9.44302307000855,0.0,0,0
1,2025-08-10,Other,2.6100000000000003,1.566,1.0440000000000003,0.39149999999999996,0.4,0.2,4.698000000000001,1.7617499999999997,2.9362500000000016,17.44302307000855,9.44302307000855,0.0,0,0
1,2025-08-10,Vegetables,1.2525,0.7515,0.501,0.1878749999999999,0.4,0.2,2.2545,0.8454374999999996,1.4090625000000006,17.44302307000855,9.44302307000855,0.0,0,0
1,2025-08-11,Dairy,2.2500000000000004,1.35,0.9000000000000004,0.3374999999999999,0.4,0.2,4.050000000000002,1.5187499999999996,2.5312500000000018,14.680995077981915,6.680995077981915,5.299447666611111,0,0
1,2025-08-11,Fish,0.7773333333333334,0.46640000000000004,0.3109333333333334,0.11659999999999993,0.4,0.2,1.3992000000000002,0.5246999999999997,0.8745000000000005,14.680995077981915,6.680995077981915,5.299447666611111,0,0
1,2025-08-11,Meat,5.666666666666667,3.4,2.266666666666667,0.8500000000000001,0.4,0.2,10.200000000000001,3.825,6.375000000000001,14.680995077981915,6.680995077981915,5.299447666611111,0,0
1,2025-08-11,Other,1.4133333333333336,0.8480000000000001,0.5653333333333335,0.21199999999999997,0.4,0.2,2.5440000000000005,0.9539999999999998,1.5900000000000007,14.680995077981915,6.680995077981915,5.299447666611111,0,0
1,2025-08-11,Vegetables,1.365,0.819,0.546,0.20475,0.4,0.2,2.4570000000000003,0.9213749999999999,1.5356250000000005,14.680995077981915,6.680995077981915,5.299447666611111,0,0
1,2025-08-12,Dairy,0.7133333333333335,0.42800000000000005,0.28533333333333344,0.10699999999999998,0.4,0.2,1.2840000000000005,0.48149999999999993,0.8025000000000005,14.411380127757988,6.411380127757987,0.0,0,0
1,2025-08-12,Fish,1.5656666666666665,0.9393999999999999,0.6262666666666666,0.2348499999999999,0.4,0.2,2.8182,1.0568249999999995,1.7613750000000006,14.411380127757988,6.411380127757987,0.0,0,0
1,2025-08-12,Meat,6.566666666666666,3.94,2.6266666666666665,0.9849999999999999,0.4,0.2,11.819999999999999,4.432499999999999,7.387499999999999,14.411380127757988,6.411380127757987,0.0,0,0
1,2025-08-12,Other,2.546666666666667,1.528,1.0186666666666668,0.3819999999999999,0.4,0.2,4.5840000000000005,1.7189999999999994,2.865000000000001,14.411380127757988,6.411380127757987,0.0,0,0
1,2025-08-12,Vegetables,1.5625,0.9375,0.625,0.234375,0.4,0.2,2.8125,1.0546875,1.7578125,14.411380127757988,6.411380127757987,0.0,0,0
1,2025-08-13,Dairy,1.7933333333333334,1.076,0.7173333333333334,0.2689999999999999,0.4,0.2,3.228,1.2104999999999997,2.0175000000000005,20.437577467182592,12.437577467182592,0.0,0,0
1,2025-08-13,Fish,0.34833333333333333,0.209,0.13933333333333334,0.05224999999999999,0.4,0.2,0.627,0.23512499999999997,0.39187500000000003,20.437577467182592,12.437577467182592,0.0,0,0
1,2025-08-13,Meat,7.058333333333333,4.234999999999999,2.8233333333333333,1.0587499999999999,0.4,0.2,12.705,4.764374999999999,7.940625000000001,20.437577467182592,12.437577467182592,0.0,0,0
1,2025-08-13,Other,0.7566666666666667,0.454,0.3026666666666667,0.11349999999999999,0.4,0.2,1.362,0.5107499999999999,0.8512500000000002,20.437577467182592,12.437577467182592,0.0,0,0
1,2025-08-13,Vegetables,1.8500000000000003,1.11,0.7400000000000002,0.27749999999999986,0.4,0.2,3.330000000000001,1.2487499999999994,2.0812500000000016,20.437577467182592,12.437577467182592,0.0,0,0
1,2025-08-14,Dairy,1.546666666666667,0.9280000000000002,0.6186666666666669,0.23199999999999998,0.4,0.2,2.784000000000001,1.044,1.740000000000001,22.06872008571247,14.06872008571247,0.0,0,0
1,2025-08-14,Fish,0.9900000000000002,0.5940000000000001,0.39600000000000013,0.14849999999999997,0.4,0.2,1.7820000000000005,0.6682499999999998,1.1137500000000007,22.06872008571247,14.06872008571247,0.0,0,0
1,2025-08-14,Meat,5.479166666666667,3.2875,2.191666666666667,0.8218749999999999,0.4,0.2,9.8625,3.6984375,6.164062500000001,22.06872008571247,14.06872008571247,0.0,0,0
1,2025-08-14,Other,1.9733333333333336,1.1840000000000002,0.7893333333333334,0.29600000000000004,0.4,0.2,3.5520000000000005,1.3320000000000003,2.22,22.06872008571247,14.06872008571247,0.0,0,0
1,2025-08-14,Vegetables,1.3975000000000002,0.8385,0.5590000000000002,0.20962499999999995,0.4,0.2,2.5155000000000007,0.9433124999999998,1.572187500000001,22.06872008571247,14.06872008571247,0.0,0,0
1,2025-08-15,Dairy,1.0533333333333335,0.632,0.42133333333333345,0.15799999999999992,0.4,0.2,1.8960000000000006,0.7109999999999996,1.185000000000001,17.783969635258998,9.783969635258998,0.0,0,0
1,2025-08-15,Fish,1.0963333333333334,0.6578,0.43853333333333333,0.16444999999999999,0.4,0.2,1.9734,0.7400249999999999,1.233375,17.783969635258998,9.783969635258998,0.0,0,0
1,2025-08-15,Meat,5.858333333333333,3.5149999999999997,2.3433333333333337,0.8787499999999993,0.4,0.2,10.545000000000002,3.9543749999999966,6.590625000000005,17.783969635258998,9.783969635258998,0.0,0,0
1,2025-08-15,Other,2.9933333333333336,1.796,1.1973333333333336,0.44900000000000007,0.4,0.2,5.388000000000001,2.0205,3.3675000000000006,17.783969635258998,9.783969635258998,0.0,0,0
1,2025-08-15,Vegetables,1.295,0.7769999999999999,0.518,0.19424999999999992,0.4,0.2,2.331,0.8741249999999996,1.4568750000000004,17.783969635258998,9.783969635258998,0.0,0,0
1,2025-08-16,Dairy,1.1316666666666668,0.679,0.4526666666666668,0.16974999999999996,0.4,0.2,2.0370000000000004,0.7638749999999999,1.2731250000000005,21.010598693676076,13.010598693676071,0.0,0,0
1,2025-08-16,Fish,0.7883333333333333,0.473,0.31533333333333335,0.11824999999999997,0.4,0.2,1.419,0.5321249999999998,0.8868750000000002,21.010598693676076,13.010598693676071,0.0,0,0
1,2025-08-16,Meat,4.420833333333333,2.6525,1.7683333333333335,0.663125,0.4,0.2,7.957500000000001,2.9840625,4.973437500000001,21.010598693676076,13.010598693676071,0.0,0,0
1,2025-08-16,Other,2.6633333333333336,1.598,1.0653333333333335,0.39949999999999997,0.4,0.2,4.7940000000000005,1.7977499999999997,2.9962500000000007,21.010598693676076,13.010598693676071,0.0,0,0
1,2025-08-16,Vegetables,1.3499999999999999,0.8099999999999999,0.5399999999999999,0.2025,0.4,0.2,2.4299999999999997,0.9112500000000001,1.5187499999999996,21.010598693676076,13.010598693676071,0.0,0,0
1,2025-08-17,Dairy,0.9833333333333335,0.5900000000000001,0.3933333333333334,0.14749999999999996,0.4,0.2,1.7700000000000005,0.6637499999999998,1.1062500000000006,19.084908075142906,11.084908075142902,0.0,0,0
1,2025-08-17,Fish,1.738,1.0428,0.6952,0.26069999999999993,0.4,0.2,3.1284,1.1731499999999997,1.9552500000000004,19.084908075142906,11.084908075142902,0.0,0,0
1,2025-08-17,Meat,3.5000000000000004,2.1,1.4000000000000004,0.5249999999999999,0.4,0.2,6.300000000000002,2.3625,3.9375000000000018,19.084908075142906,11.084908075142902,0.0,0,0
1,2025-08-17,Other,2.663333333333333,1.5979999999999999,1.0653333333333332,0.39949999999999997,0.4,0.2,4.794,1.7977499999999997,2.99625,19.084908075142906,11.084908075142902,0.0,0,0
1,2025-08-17,Vegetables,1.435,0.861,0.5740000000000001,0.21524999999999994,0.4,0.2,2.583,0.9686249999999997,1.6143750000000003,19.084908075142906,11.084908075142902,0.0,0,0
1,2025-08-18,Dairy,2.0933333333333333,1.256,0.8373333333333333,0.31399999999999983,0.4,0.2,3.768,1.4129999999999994,2.3550000000000004,16.06464073618463,8.064640736184629,0.0,0,0
1,2025-08-18,Fish,1.485,0.891,0.5940000000000001,0.22275,0.4,0.2,2.6730000000000005,1.002375,1.6706250000000005,16.06464073618463,8.064640736184629,0.0,0,0
1,2025-08-18,Meat,6.229166666666667,3.7375,2.491666666666667,0.9343749999999993,0.4,0.2,11.212500000000002,4.204687499999997,7.007812500000005,16.06464073618463,8.064640736184629,0.0,0,0
1,2025-08-18,Other,0.62,0.372,0.248,0.09299999999999997,0.4,0.2,1.116,0.41849999999999987,0.6975000000000002,16.06464073618463,8.064640736184629,0.0,0,0
1,2025-08-18,Vegetables,1.245,0.747,0.4980000000000001,0.18674999999999997,0.4,0.2,2.2410000000000005,0.8403749999999999,1.4006250000000007,16.06464073618463,8.064640736184629,0.0,0,0
1,2025-08-19,Dairy,0.7666666666666667,0.46,0.3066666666666667,0.11499999999999994,0.4,0.2,1.3800000000000001,0.5174999999999997,0.8625000000000004,19.084186816525243,11.084186816525245,0.0,0,0
1,2025-08-19,Fish,0.25666666666666665,0.154,0.10266666666666666,0.03849999999999998,0.4,0.2,0.46199999999999997,0.1732499999999999,0.28875000000000006,19.084186816525243,11.084186816525245,0.0,0,0
1,2025-08-19,Meat,5.675000000000001,3.4050000000000002,2.2700000000000005,0.8512499999999994,0.4,0.2,10.215000000000002,3.8306249999999973,6.384375000000004,19.084186816525243,11.084186816525245,0.0,0,0
1,2025-08-19,Other,1.3,0.78,0.52,0.19499999999999995,0.4,0.2,2.34,0.8774999999999997,1.4625000000000001,19.084186816525243,11.084186816525245,0.0,0,0
1,2025-08-19,Vegetables,1.03,0.618,0.41200000000000003,0.15449999999999997,0.4,0.2,1.854,0.6952499999999999,1.1587500000000002,19.084186816525243,11.084186816525245,0.0,0,0
1,2025-08-20,Dairy,0.8183333333333335,0.49100000000000005,0.3273333333333334,0.12274999999999997,0.4,0.2,1.4730000000000003,0.5523749999999998,0.9206250000000005,22.614109699397908,14.614109699397908,0.0,0,0
1,2025-08-20,Fish,0.24933333333333335,0.1496,0.09973333333333334,0.03739999999999999,0.4,0.2,0.44880000000000003,0.16829999999999995,0.2805000000000001,22.614109699397908,14.614109699397908,0.0,0,0
1,2025-08-20,Meat,2.8833333333333333,1.73,1.1533333333333333,0.43249999999999966,0.4,0.2,5.1899999999999995,1.9462499999999985,3.2437500000000012,22.614109699397908,14.614109699397908,0.0,0,0
1,2025-08-20,Other,1.4400000000000002,0.8640000000000001,0.5760000000000001,0.21599999999999997,0.4,0.2,2.5920000000000005,0.9719999999999999,1.6200000000000006,22.614109699397908,14.614109699397908,0.0,0,0
1,2025-08-20,Vegetables,1.405,0.843,0.562,0.21075,0.4,0.2,2.5290000000000004,0.948375,1.5806250000000004,22.614109699397908,14.614109699397908,0.0,0,0
1,2025-08-21,Dairy,0.8700000000000001,0.522,0.3480000000000001,0.13049999999999995,0.4,0.2,1.5660000000000003,0.5872499999999998,0.9787500000000005,17.892521882670145,9.892521882670144,1.0463642387706182,0,0
1,2025-08-21,Fish,1.474,0.8844,0.5896,0.22109999999999996,0.4,0.2,2.6532,0.9949499999999998,1.6582500000000002,17.892521882670145,9.892521882670144,1.0463642387706182,0,0
1,2025-08-21,Meat,3.9041666666666672,2.3425000000000002,1.561666666666667,0.5856249999999998,0.4,0.2,7.027500000000002,2.6353124999999995,4.392187500000002,17.892521882670145,9.892521882670144,1.0463642387706182,0,0
1,2025-08-21,Other,1.936666666666667,1.1620000000000001,0.7746666666666668,0.2905,0.4,0.2,3.4860000000000007,1.3072499999999998,2.178750000000001,17.892521882670145,9.892521882670144,1.0463642387706182,0,0
1,2025-08-21,Vegetables,1.21,0.726,0.484,0.1815,0.4,0.2,2.178,0.81675,1.36125,17.892521882670145,9.892521882670144,1.0463642387706182,0,0
1,2025-08-22,Dairy,0.8316666666666668,0.49900000000000005,0.3326666666666667,0.12474999999999997,0.4,0.2,1.4970000000000003,0.5613749999999998,0.9356250000000005,22.693930967442014,14.693930967442018,4.979743575928038,0,0
1,2025-08-22,Fish,0.561,0.3366,0.22440000000000004,0.08415,0.4,0.2,1.0098000000000003,0.378675,0.6311250000000003,22.693930967442014,14.693930967442018,4.979743575928038,0,0
1,2025-08-22,Meat,3.8208333333333333,2.2925,1.5283333333333333,0.5731249999999997,0.4,0.2,6.8774999999999995,2.5790624999999983,4.298437500000001,22.693930967442014,14.693930967442018,4.979743575928038,0,0
1,2025-08-22,Other,1.516666666666667,0.9100000000000001,0.6066666666666669,0.22750000000000004,0.4,0.2,2.7300000000000013,1.0237500000000002,1.7062500000000012,22.693930967442014,14.693930967442018,4.979743575928038,0,0
1,2025-08-22,Vegetables,1.7200000000000002,1.032,0.6880000000000002,0.258,0.4,0.2,3.096000000000001,1.161,1.935000000000001,22.693930967442014,14.693930967442018,4.979743575928038,0,0
1,2025-08-23,Dairy,1.8316666666666668,1.099,0.7326666666666668,0.2747499999999998,0.4,0.2,3.2970000000000006,1.2363749999999993,2.0606250000000013,12.0,4.0,0.0,0,0
1,2025-08-23,Fish,1.4483333333333335,0.869,0.5793333333333335,0.21724999999999994,0.4,0.2,2.6070000000000007,0.9776249999999997,1.629375000000001,12.0,4.0,0.0,0,0
1,2025-08-23,Meat,6.495833333333334,3.8975,2.5983333333333336,0.9743749999999993,0.4,0.2,11.6925,4.3846874999999965,7.307812500000004,12.0,4.0,0.0,0,0
1,2025-08-23,Other,0.8066666666666668,0.48400000000000004,0.3226666666666667,0.12099999999999994,0.4,0.2,1.4520000000000002,0.5444999999999998,0.9075000000000004,12.0,4.0,0.0,0,0
1,2025-08-23,Vegetables,0.61,0.366,0.244,0.09149999999999997,0.4,0.2,1.0979999999999999,0.41174999999999984,0.68625,12.0,4.0,0.0,0,0
1,2025-08-24,Dairy,1.1266666666666667,0.676,0.45066666666666666,0.16899999999999993,0.4,0.2,2.028,0.7604999999999997,1.2675000000000003,20.465707513125672,12.465707513125672,0.0,0,0
1,2025-08-24,Fish,0.6306666666666667,0.3784,0.2522666666666667,0.09459999999999996,0.4,0.2,1.1352000000000002,0.42569999999999986,0.7095000000000004,20.465707513125672,12.465707513125672,0.0,0,0
1,2025-08-24,Meat,4.8375,2.9025,1.9350000000000005,0.725625,0.4,0.2,8.707500000000003,3.2653125,5.442187500000003,20.465707513125672,12.465707513125672,0.0,0,0
1,2025-08-24,Other,1.8766666666666665,1.126,0.7506666666666666,0.28149999999999986,0.4,0.2,3.3779999999999997,1.2667499999999994,2.11125,20.465707513125672,12.465707513125672,0.0,0,0
1,2025-08-24,Vegetables,2.1975000000000002,1.3185,0.8790000000000002,0.32962499999999983,0.4,0.2,3.955500000000001,1.4833124999999994,2.4721875000000018,20.465707513125672,12.465707513125672,0.0,0,0
1,2025-08-25,Dairy,2.2533333333333334,1.3519999999999999,0.9013333333333335,0.33799999999999986,0.4,0.2,4.056000000000001,1.5209999999999995,2.5350000000000015,18.261141204714512,10.261141204714512,10.371794413010427,0,0
1,2025-08-25,Fish,1.2283333333333333,0.737,0.4913333333333333,0.1842499999999999,0.4,0.2,2.211,0.8291249999999997,1.3818750000000002,18.261141204714512,10.261141204714512,10.371794413010427,0,0
1,2025-08-25,Meat,5.566666666666666,3.34,2.2266666666666666,0.835,0.4,0.2,10.02,3.7575,6.262499999999999,18.261141204714512,10.261141204714512,10.371794413010427,0,0
1,2025-08-25,Other,1.6366666666666667,0.982,0.6546666666666667,0.24549999999999983,0.4,0.2,2.946,1.1047499999999992,1.841250000000001,18.261141204714512,10.261141204714512,10.371794413010427,0,0
1,2025-08-25,Vegetables,0.8324999999999999,0.49949999999999994,0.33299999999999996,0.12487499999999996,0.4,0.2,1.4985,0.5619374999999998,0.9365625000000002,18.261141204714512,10.261141204714512,10.371794413010427,0,0
1,2025-08-26,Dairy,1.6333333333333333,0.98,0.6533333333333333,0.24499999999999988,0.4,0.2,2.94,1.1024999999999996,1.8375000000000004,17.102977948602398,9.102977948602398,0.0,0,0
1,2025-08-26,Fish,1.298,0.7788,0.5192,0.19469999999999998,0.4,0.2,2.3364,0.87615,1.4602499999999998,17.102977948602398,9.102977948602398,0.0,0,0
1,2025-08-26,Meat,5.895833333333334,3.5375,2.358333333333334,0.8843749999999999,0.4,0.2,10.612500000000002,3.9796875,6.632812500000003,17.102977948602398,9.102977948602398,0.0,0,0
1,2025-08-26,Other,3.053333333333334,1.8320000000000003,1.2213333333333338,0.45799999999999974,0.4,0.2,5.496000000000002,2.060999999999999,3.435000000000003,17.102977948602398,9.102977948602398,0.0,0,0
1,2025-08-26,Vegetables,1.6375000000000002,0.9825,0.6550000000000001,0.24562499999999987,0.4,0.2,2.9475000000000007,1.1053124999999995,1.8421875000000012,17.102977948602398,9.102977948602398,0.0,0,0
1,2025-08-27,Dairy,1.3816666666666668,0.8290000000000001,0.5526666666666668,0.20725000000000005,0.4,0.2,2.4870000000000005,0.9326250000000003,1.5543750000000003,18.275282329606508,10.275282329606508,14.111186098359978,0,0
1,2025-08-27,Fish,0.836,0.5015999999999999,0.33440000000000003,0.12539999999999996,0.4,0.2,1.5048000000000001,0.5642999999999998,0.9405000000000003,18.275282329606508,10.275282329606508,14.111186098359978,0,0
1,2025-08-27,Meat,3.0833333333333335,1.85,1.2333333333333334,0.4624999999999999,0.4,0.2,5.550000000000001,2.08125,3.468750000000001,18.275282329606508,10.275282329606508,14.111186098359978,0,0
1,2025-08-27,Other,1.05,0.63,0.42000000000000004,0.15749999999999997,0.4,0.2,1.8900000000000001,0.7087499999999999,1.1812500000000004,18.275282329606508,10.275282329606508,14.111186098359978,0,0
1,2025-08-27,Vegetables,0.755,0.453,0.302,0.11325000000000002,0.4,0.2,1.359,0.5096250000000001,0.8493749999999999,18.275282329606508,10.275282329606508,14.111186098359978,0,0
1,2025-08-28,Dairy,1.33,0.798,0.532,0.1995,0.4,0.2,2.394,0.89775,1.49625,12.03729325619732,4.037293256197321,0.0,0,0
1,2025-08-28,Fish,1.5473333333333334,0.9284,0.6189333333333334,0.23209999999999986,0.4,0.2,2.7852000000000006,1.0444499999999994,1.7407500000000011,12.03729325619732,4.037293256197321,0.0,0,0
1,2025-08-28,Meat,5.854166666666667,3.5125,2.341666666666667,0.8781249999999998,0.4,0.2,10.537500000000001,3.951562499999999,6.585937500000002,12.03729325619732,4.037293256197321,0.0,0,0
1,2025-08-28,Other,2.563333333333334,1.5380000000000003,1.0253333333333337,0.38450000000000006,0.4,0.2,4.614000000000002,1.7302500000000003,2.8837500000000014,12.03729325619732,4.037293256197321,0.0,0,0
1,2025-08-28,Vegetables,0.67,0.402,0.268,0.10049999999999992,0.4,0.2,1.206,0.45224999999999965,0.7537500000000004,12.03729325619732,4.037293256197321,0.0,0,0
1,2025-08-29,Dairy,1.12,0.672,0.44800000000000006,0.16799999999999993,0.4,0.2,2.0160000000000005,0.7559999999999997,1.2600000000000007,17.340984336487463,9.340984336487464,0.0,0,0
1,2025-08-29,Fish,1.815,1.089,0.726,0.2722499999999999,0.4,0.2,3.267,1.2251249999999994,2.0418750000000006,17.340984336487463,9.340984336487464,0.0,0,0
1,2025-08-29,Meat,3.183333333333333,1.91,1.2733333333333332,0.4774999999999998,0.4,0.2,5.7299999999999995,2.1487499999999993,3.5812500000000003,17.340984336487463,9.340984336487464,0.0,0,0
1,2025-08-29,Other,1.1300000000000001,0.678,0.45200000000000007,0.16949999999999998,0.4,0.2,2.0340000000000003,0.7627499999999999,1.2712500000000002,17.340984336487463,9.340984336487464,0.0,0,0
1,2025-08-29,Vegetables,1.9274999999999998,1.1564999999999999,0.7709999999999999,0.28912499999999985,0.4,0.2,3.4694999999999996,1.3010624999999993,2.1684375000000005,17.340984336487463,9.340984336487464,0.0,0,0
1,2025-08-30,Dairy,1.0016666666666667,0.601,0.4006666666666667,0.15025,0.4,0.2,1.8030000000000004,0.676125,1.1268750000000005,19.07133771453524,11.07133771453524,2.078841131711392,0,0
1,2025-08-30,Fish,1.0890000000000002,0.6534000000000001,0.4356000000000001,0.16335,0.4,0.2,1.9602000000000004,0.7350749999999999,1.2251250000000005,19.07133771453524,11.07133771453524,2.078841131711392,0,0
1,2025-08-30,Meat,2.420833333333334,1.4525000000000001,0.9683333333333337,0.3631249999999999,0.4,0.2,4.357500000000002,1.6340624999999998,2.723437500000002,19.07133771453524,11.07133771453524,2.078841131711392,0,0
1,2025-08-30,Other,1.7100000000000002,1.026,0.6840000000000002,0.25649999999999995,0.4,0.2,3.0780000000000007,1.1542499999999998,1.923750000000001,19.07133771453524,11.07133771453524,2.078841131711392,0,0
1,2025-08-30,Vegetables,1.6800000000000002,1.008,0.6720000000000002,0.252,0.4,0.2,3.024000000000001,1.134,1.890000000000001,19.07133771453524,11.07133771453524,2.078841131711392,0,0
1,2025-08-31,Dairy,1.7033333333333334,1.022,0.6813333333333333,0.25549999999999984,0.4,0.2,3.066,1.1497499999999992,1.9162500000000007,22.433682134224547,14.433682134224547,7.657711452695931,0,0
1,2025-08-31,Fish,1.2173333333333334,0.7303999999999999,0.48693333333333344,0.18259999999999998,0.4,0.2,2.1912000000000003,0.8216999999999999,1.3695000000000004,22.433682134224547,14.433682134224547,7.657711452695931,0,0
1,2025-08-31,Meat,5.304166666666667,3.1825,2.121666666666667,0.7956249999999998,0.4,0.2,9.547500000000001,3.580312499999999,5.967187500000002,22.433682134224547,14.433682134224547,7.657711452695931,0,0
1,2025-08-31,Other,1.5433333333333334,0.926,0.6173333333333334,0.23149999999999993,0.4,0.2,2.7780000000000005,1.0417499999999997,1.7362500000000007,22.433682134224547,14.433682134224547,7.657711452695931,0,0
1,2025-08-31,Vegetables,1.5275,0.9165,0.6110000000000001,0.2291249999999999,0.4,0.2,2.7495000000000003,1.0310624999999995,1.7184375000000007,22.433682134224547,14.433682134224547,7.657711452695931,0,0
1,2025-09-01,Dairy,1.3783333333333334,0.8270000000000001,0.5513333333333333,0.20674999999999988,0.4,0.2,2.481,0.9303749999999995,1.5506250000000004,16.44518934517906,8.44518934517906,0.0,0,0
1,2025-09-01,Fish,1.672,1.0031999999999999,0.6688000000000001,0.2507999999999999,0.4,0.2,3.0096000000000003,1.1285999999999996,1.8810000000000007,16.44518934517906,8.44518934517906,0.0,0,0
1,2025-09-01,Meat,7.0625,4.2375,2.825,1.0593749999999993,0.4,0.2,12.7125,4.767187499999997,7.9453125000000036,16.44518934517906,8.44518934517906,0.0,0,0
1,2025-09-01,Other,2.0233333333333334,1.214,0.8093333333333335,0.3034999999999999,0.4,0.2,3.6420000000000003,1.3657499999999994,2.276250000000001,16.44518934517906,8.44518934517906,0.0,0,0
1,2025-09-01,Vegetables,0.9525,0.5715,0.381,0.14287499999999997,0.4,0.2,1.7145000000000001,0.6429374999999999,1.0715625000000002,16.44518934517906,8.44518934517906,0.0,0,0
1,2025-09-02,Dairy,0.7333333333333335,0.44000000000000006,0.29333333333333345,0.10999999999999999,0.4,0.2,1.3200000000000005,0.49499999999999994,0.8250000000000006,15.574519191320435,7.574519191320437,0.0,0,0
1,2025-09-02,Fish,1.6866666666666668,1.012,0.6746666666666667,0.2529999999999999,0.4,0.2,3.0360000000000005,1.1384999999999996,1.8975000000000009,15.574519191320435,7.574519191320437,0.0,0,0
1,2025-09-02,Meat,7.083333333333334,4.25,2.833333333333334,1.0625,0.4,0.2,12.750000000000004,4.78125,7.9687500000000036,15.574519191320435,7.574519191320437,0.0,0,0
1,2025-09-02,Other,3.0433333333333334,1.826,1.2173333333333334,0.4564999999999997,0.4,0.2,5.478,2.054249999999999,3.423750000000001,15.574519191320435,7.574519191320437,0.0,0,0
1,2025-09-02,Vegetables,2.2399999999999998,1.3439999999999999,0.8959999999999999,0.33599999999999985,0.4,0.2,4.032,1.5119999999999993,2.5200000000000005,15.574519191320435,7.574519191320437,0.0,0,0
1,2025-09-03,Dairy,1.5433333333333334,0.926,0.6173333333333334,0.23149999999999993,0.4,0.2,2.7780000000000005,1.0417499999999997,1.7362500000000007,16.49472886924639,8.49472886924639,0.0,0,0
1,2025-09-03,Fish,0.30066666666666664,0.18039999999999998,0.12026666666666666,0.04509999999999997,0.4,0.2,0.5412,0.20294999999999988,0.33825000000000016,16.49472886924639,8.49472886924639,0.0,0,0
1,2025-09-03,Meat,7.566666666666667,4.54,3.0266666666666673,1.1349999999999998,0.4,0.2,13.620000000000003,5.107499999999999,8.512500000000003,16.49472886924639,8.49472886924639,0.0,0,0
1,2025-09-03,Other,1.4000000000000001,0.8400000000000001,0.56,0.20999999999999996,0.4,0.2,2.5200000000000005,0.9449999999999998,1.5750000000000006,16.49472886924639,8.49472886924639,0.0,0,0
1,2025-09-03,Vegetables,1.0450000000000002,0.627,0.41800000000000015,0.15674999999999994,0.4,0.2,1.8810000000000007,0.7053749999999998,1.175625000000001,16.49472886924639,8.49472886924639,0.0,0,0
1,2025-09-04,Dairy,0.5616666666666668,0.337,0.22466666666666674,0.08424999999999999,0.4,0.2,1.0110000000000003,0.37912499999999993,0.6318750000000004,20.746206353106224,12.746206353106224,0.0,0,0
1,2025-09-04,Fish,1.6280000000000003,0.9768000000000001,0.6512000000000002,0.24419999999999997,0.4,0.2,2.930400000000001,1.0989,1.831500000000001,20.746206353106224,12.746206353106224,0.0,0,0
1,2025-09-04,Meat,3.670833333333333,2.2024999999999997,1.4683333333333333,0.5506249999999997,0.4,0.2,6.6075,2.477812499999999,4.129687500000001,20.746206353106224,12.746206353106224,0.0,0,0
1,2025-09-04,Other,1.3233333333333335,0.794,0.5293333333333334,0.1985,0.4,0.2,2.3820000000000006,0.8932500000000001,1.4887500000000005,20.746206353106224,12.746206353106224,0.0,0,0
1,2025-09-04,Vegetables,1.3675000000000002,0.8205,0.5470000000000002,0.205125,0.4,0.2,2.461500000000001,0.9230625,1.538437500000001,20.746206353106224,12.746206353106224,0.0,0,0
1,2025-09-05,Dairy,0.945,0.567,0.378,0.14174999999999993,0.4,0.2,1.701,0.6378749999999997,1.0631250000000003,18.986253328979053,10.986253328979052,0.0,0,0
1,2025-09-05,Fish,1.6280000000000003,0.9768000000000001,0.6512000000000002,0.24419999999999997,0.4,0.2,2.930400000000001,1.0989,1.831500000000001,18.986253328979053,10.986253328979052,0.0,0,0
1,2025-09-05,Meat,3.1458333333333335,1.8875,1.2583333333333335,0.47187500000000004,0.4,0.2,5.6625000000000005,2.1234375,3.5390625000000004,18.986253328979053,10.986253328979052,0.0,0,0
1,2025-09-05,Other,1.9933333333333336,1.1960000000000002,0.7973333333333334,0.29899999999999993,0.4,0.2,3.5880000000000005,1.3454999999999997,2.2425000000000006,18.986253328979053,10.986253328979052,0.0,0,0
1,2025-09-05,Vegetables,1.8200000000000003,1.092,0.7280000000000002,0.2729999999999999,0.4,0.2,3.2760000000000007,1.2284999999999995,2.047500000000001,18.986253328979053,10.986253328979052,0.0,0,0
1,2025-09-06,Dairy,1.6700000000000002,1.002,0.6680000000000001,0.25049999999999994,0.4,0.2,3.0060000000000007,1.1272499999999996,1.878750000000001,16.410719388698883,8.410719388698883,0.0,0,0
1,2025-09-06,Fish,1.7563333333333335,1.0538,0.7025333333333335,0.26344999999999996,0.4,0.2,3.1614000000000004,1.1855249999999997,1.9758750000000007,16.410719388698883,8.410719388698883,0.0,0,0
1,2025-09-06,Meat,5.479166666666667,3.2875,2.191666666666667,0.8218749999999999,0.4,0.2,9.8625,3.6984375,6.164062500000001,16.410719388698883,8.410719388698883,0.0,0,0
1,2025-09-06,Other,2.4566666666666666,1.474,0.9826666666666666,0.3684999999999998,0.4,0.2,4.422,1.6582499999999993,2.7637500000000004,16.410719388698883,8.410719388698883,0.0,0,0
1,2025-09-06,Vegetables,0.975,0.585,0.39,0.14625,0.4,0.2,1.7550000000000001,0.658125,1.0968750000000003,16.410719388698883,8.410719388698883,0.0,0,0
1,2025-09-07,Dairy,2.201666666666667,1.3210000000000002,0.8806666666666669,0.33024999999999993,0.4,0.2,3.963000000000001,1.4861249999999997,2.4768750000000015,19.539802299340067,11.539802299340067,0.0,0,0
1,2025-09-07,Fish,0.31533333333333335,0.1892,0.12613333333333335,0.04729999999999998,0.4,0.2,0.5676000000000001,0.21284999999999993,0.3547500000000002,19.539802299340067,11.539802299340067,0.0,0,0
1,2025-09-07,Meat,5.45,3.27,2.18,0.8174999999999994,0.4,0.2,9.81,3.6787499999999973,6.131250000000003,19.539802299340067,11.539802299340067,0.0,0,0
1,2025-09-07,Other,1.9033333333333333,1.142,0.7613333333333334,0.28549999999999986,0.4,0.2,3.426,1.2847499999999994,2.1412500000000008,19.539802299340067,11.539802299340067,0.0,0,0
1,2025-09-07,Vegetables,1.3724999999999998,0.8234999999999999,0.5489999999999999,0.2058749999999998,0.4,0.2,2.4704999999999995,0.9264374999999991,1.5440625000000003,19.539802299340067,11.539802299340067,0.0,0,0
1,2025-09-08,Dairy,0.6983333333333335,0.41900000000000004,0.27933333333333343,0.10475000000000001,0.4,0.2,1.2570000000000006,0.47137500000000004,0.7856250000000005,18.29123264804412,10.291232648044122,7.794803100382038,0,0
1,2025-09-08,Fish,1.4116666666666666,0.847,0.5646666666666667,0.21174999999999988,0.4,0.2,2.541,0.9528749999999995,1.5881250000000005,18.29123264804412,10.291232648044122,7.794803100382038,0,0
1,2025-09-08,Meat,5.629166666666666,3.3775,2.2516666666666665,0.8443749999999999,0.4,0.2,10.132499999999999,3.799687499999999,6.332812499999999,18.29123264804412,10.291232648044122,7.794803100382038,0,0
1,2025-09-08,Other,1.9533333333333334,1.172,0.7813333333333334,0.2929999999999999,0.4,0.2,3.5160000000000005,1.3184999999999998,2.1975000000000007,18.29123264804412,10.291232648044122,7.794803100382038,0,0
1,2025-09-08,Vegetables,1.7325,1.0394999999999999,0.6930000000000001,0.25987499999999986,0.4,0.2,3.1185,1.1694374999999995,1.9490625000000006,18.29123264804412,10.291232648044122,7.794803100382038,0,0
1,2025-09-09,Dairy,0.7383333333333335,0.44300000000000006,0.29533333333333345,0.11075000000000002,0.4,0.2,1.3290000000000006,0.49837500000000007,0.8306250000000006,20.90593497159867,12.905934971598668,11.588543458310076,0,0
1,2025-09-09,Fish,0.33,0.198,0.132,0.04949999999999999,0.4,0.2,0.5940000000000001,0.22274999999999995,0.37125000000000014,20.90593497159867,12.905934971598668,11.588543458310076,0,0
1,2025-09-09,Meat,3.2416666666666667,1.945,1.2966666666666666,0.48624999999999985,0.4,0.2,5.835,2.1881249999999994,3.6468750000000005,20.90593497159867,12.905934971598668,11.588543458310076,0,0
1,2025-09-09,Other,1.7633333333333334,1.058,0.7053333333333334,0.26449999999999996,0.4,0.2,3.1740000000000004,1.1902499999999998,1.9837500000000006,20.90593497159867,12.905934971598668,11.588543458310076,0,0
1,2025-09-09,Vegetables,1.9825000000000002,1.1895,0.7930000000000001,0.29737499999999994,0.4,0.2,3.5685000000000007,1.3381874999999996,2.230312500000001,20.90593497159867,12.905934971598668,11.588543458310076,0,0
1,2025-09-10,Dairy,1.945,1.167,0.778,0.29174999999999995,0.4,0.2,3.5010000000000003,1.3128749999999998,2.1881250000000003,15.893840718367944,7.893840718367944,5.538444294891696,0,0
1,2025-09-10,Fish,0.7553333333333333,0.4532,0.3021333333333333,0.11330000000000001,0.4,0.2,1.3596,0.50985,0.8497499999999999,15.893840718367944,7.893840718367944,5.538444294891696,0,0
1,2025-09-10,Meat,4.2625,2.5575,1.705,0.6393749999999998,0.4,0.2,7.6725,2.877187499999999,4.795312500000001,15.893840718367944,7.893840718367944,5.538444294891696,0,0
1,2025-09-10,Other,1.1833333333333336,0.7100000000000001,0.4733333333333335,0.1775,0.4,0.2,2.130000000000001,0.79875,1.3312500000000007,15.893840718367944,7.893840718367944,5.538444294891696,0,0
1,2025-09-10,Vegetables,1.7100000000000002,1.026,0.6840000000000002,0.25649999999999995,0.4,0.2,3.0780000000000007,1.1542499999999998,1.923750000000001,15.893840718367944,7.893840718367944,5.538444294891696,0,0
1,2025-09-11,Dairy,1.4933333333333334,0.896,0.5973333333333334,0.22399999999999987,0.4,0.2,2.688,1.0079999999999993,1.6800000000000008,17.017013560206696,9.017013560206696,14.005574512642944,0,0
1,2025-09-11,Fish,1.0376666666666667,0.6226,0.4150666666666667,0.15564999999999996,0.4,0.2,1.8678000000000001,0.7004249999999999,1.1673750000000003,17.017013560206696,9.017013560206696,14.005574512642944,0,0
1,2025-09-11,Meat,5.5791666666666675,3.3475,2.2316666666666674,0.836875,0.4,0.2,10.042500000000004,3.7659375,6.276562500000004,17.017013560206696,9.017013560206696,14.005574512642944,0,0
1,2025-09-11,Other,2.476666666666667,1.4860000000000002,0.9906666666666668,0.37149999999999994,0.4,0.2,4.458,1.6717499999999998,2.7862500000000003,17.017013560206696,9.017013560206696,14.005574512642944,0,0
1,2025-09-11,Vegetables,1.0225,0.6134999999999999,0.40900000000000003,0.15337499999999993,0.4,0.2,1.8405,0.6901874999999997,1.1503125000000003,17.017013560206696,9.017013560206696,14.005574512642944,0,0
1,2025-09-12,Dairy,1.6766666666666667,1.006,0.6706666666666667,0.25149999999999983,0.4,0.2,3.0180000000000002,1.1317499999999994,1.8862500000000009,16.823675540603528,8.823675540603528,0.0,0,0
1,2025-09-12,Fish,0.5206666666666667,0.3124,0.2082666666666667,0.0781,0.4,0.2,0.9372000000000003,0.35145000000000004,0.5857500000000002,16.823675540603528,8.823675540603528,0.0,0,0
1,2025-09-12,Meat,4.7625,2.8575,1.9050000000000002,0.714375,0.4,0.2,8.572500000000002,3.2146875,5.357812500000001,16.823675540603528,8.823675540603528,0.0,0,0
1,2025-09-12,Other,1.6500000000000001,0.99,0.6600000000000001,0.24749999999999983,0.4,0.2,2.9700000000000006,1.1137499999999991,1.8562500000000015,16.823675540603528,8.823675540603528,0.0,0,0
1,2025-09-12,Vegetables,1.5150000000000001,0.909,0.6060000000000001,0.22724999999999995,0.4,0.2,2.7270000000000003,1.0226249999999997,1.7043750000000006,16.823675540603528,8.823675540603528,0.0,0,0
1,2025-09-13,Dairy,2.1366666666666667,1.282,0.8546666666666667,0.3205,0.4,0.2,3.846,1.44225,2.40375,13.609455155603644,5.609455155603644,0.0,0,0
1,2025-09-13,Fish,0.37766666666666665,0.2266,0.15106666666666665,0.056650000000000006,0.4,0.2,0.6798,0.254925,0.42487499999999995,13.609455155603644,5.609455155603644,0.0,0,0
1,2025-09-13,Meat,1.775,1.065,0.71,0.2662499999999999,0.4,0.2,3.195,1.1981249999999994,1.9968750000000004,13.609455155603644,5.609455155603644,0.0,0,0
1,2025-09-13,Other,2.216666666666667,1.33,0.8866666666666667,0.3325,0.4,0.2,3.99,1.49625,2.4937500000000004,13.609455155603644,5.609455155603644,0.0,0,0
1,2025-09-13,Vegetables,1.7725,1.0635,0.7090000000000001,0.26587499999999986,0.4,0.2,3.1905,1.1964374999999994,1.9940625000000007,13.609455155603644,5.609455155603644,0.0,0,0
1,2025-09-14,Dairy,0.6066666666666667,0.364,0.2426666666666667,0.09099999999999997,0.4,0.2,1.092,0.40949999999999986,0.6825000000000002,18.88836083119373,10.88836083119373,1.334551264164057,0,0
1,2025-09-14,Fish,1.7343333333333337,1.0406000000000002,0.6937333333333335,0.2601499999999999,0.4,0.2,3.121800000000001,1.1706749999999995,1.9511250000000013,18.88836083119373,10.88836083119373,1.334551264164057,0,0
1,2025-09-14,Meat,5.1375,3.0825,2.055,0.7706249999999999,0.4,0.2,9.2475,3.4678124999999995,5.779687500000001,18.88836083119373,10.88836083119373,1.334551264164057,0,0
1,2025-09-14,Other,1.0400000000000003,0.6240000000000001,0.41600000000000015,0.15600000000000003,0.4,0.2,1.8720000000000008,0.7020000000000002,1.1700000000000006,18.88836083119373,10.88836083119373,1.334551264164057,0,0
1,2025-09-14,Vegetables,0.505,0.303,0.202,0.07574999999999998,0.4,0.2,0.909,0.34087499999999993,0.5681250000000001,18.88836083119373,10.88836083119373,1.334551264164057,0,0
1,2025-09-15,Dairy,1.1083333333333334,0.665,0.44333333333333336,0.16625,0.4,0.2,1.995,0.748125,1.2468750000000002,18.783165816539668,10.783165816539668,0.0,0,0
1,2025-09-15,Fish,0.9643333333333334,0.5786,0.3857333333333334,0.14464999999999995,0.4,0.2,1.7358000000000002,0.6509249999999998,1.0848750000000005,18.783165816539668,10.783165816539668,0.0,0,0
1,2025-09-15,Meat,2.9875000000000003,1.7925,1.1950000000000003,0.44812499999999966,0.4,0.2,5.377500000000001,2.0165624999999983,3.360937500000003,18.783165816539668,10.783165816539668,0.0,0,0
1,2025-09-15,Other,2.896666666666667,1.738,1.158666666666667,0.4344999999999999,0.4,0.2,5.214000000000001,1.9552499999999995,3.258750000000002,18.783165816539668,10.783165816539668,0.0,0,0
1,2025-09-15,Vegetables,2.39,1.434,0.9560000000000002,0.3584999999999998,0.4,0.2,4.3020000000000005,1.6132499999999992,2.6887500000000015,18.783165816539668,10.783165816539668,0.0,0,0
1,2025-09-16,Dairy,1.5350000000000001,0.921,0.6140000000000001,0.23024999999999984,0.4,0.2,2.7630000000000003,1.0361249999999993,1.726875000000001,18.015340369927383,10.015340369927385,0.0,0,0
1,2025-09-16,Fish,0.31533333333333335,0.1892,0.12613333333333335,0.04729999999999998,0.4,0.2,0.5676000000000001,0.21284999999999993,0.3547500000000002,18.015340369927383,10.015340369927385,0.0,0,0
1,2025-09-16,Meat,4.895833333333334,2.9375,1.958333333333334,0.734375,0.4,0.2,8.812500000000004,3.3046875,5.5078125000000036,18.015340369927383,10.015340369927385,0.0,0,0
1,2025-09-16,Other,1.6966666666666668,1.018,0.6786666666666668,0.25449999999999995,0.4,0.2,3.0540000000000003,1.1452499999999999,1.9087500000000004,18.015340369927383,10.015340369927385,0.0,0,0
1,2025-09-16,Vegetables,1.3924999999999998,0.8354999999999999,0.5569999999999999,0.20887499999999992,0.4,0.2,2.5065,0.9399374999999996,1.5665625000000003,18.015340369927383,10.015340369927385,0.0,0,0
1,2025-09-17,Dairy,1.7066666666666668,1.024,0.6826666666666668,0.256,0.4,0.2,3.0720000000000005,1.1520000000000001,1.9200000000000004,17.29623859987456,9.29623859987456,0.0,0,0
1,2025-09-17,Fish,1.3016666666666665,0.7809999999999999,0.5206666666666666,0.19524999999999992,0.4,0.2,2.343,0.8786249999999997,1.4643750000000004,17.29623859987456,9.29623859987456,0.0,0,0
1,2025-09-17,Meat,6.258333333333334,3.755,2.503333333333334,0.9387499999999998,0.4,0.2,11.265000000000002,4.224374999999998,7.040625000000004,17.29623859987456,9.29623859987456,0.0,0,0
1,2025-09-17,Other,2.256666666666667,1.354,0.9026666666666667,0.3385,0.4,0.2,4.062,1.52325,2.5387500000000003,17.29623859987456,9.29623859987456,0.0,0,0
1,2025-09-17,Vegetables,1.365,0.819,0.546,0.20475,0.4,0.2,2.4570000000000003,0.9213749999999999,1.5356250000000005,17.29623859987456,9.29623859987456,0.0,0,0
